<InnoSatTimeline originator="OHB" sdbVersion="9.5.99.2">
  <description>
    <timelineID procedureIdentifier="3040" descriptiveName="202211222022112001STAR" version="01"/>
    <changeLog>
      <changeLogItem version="01" date="2022-11-20" author="OMC">The file was created using OPT</changeLogItem>
    </changeLog>
    <validity>
      <startingDate>2022-11-22T08:15:00</startingDate>
      <scenarioDuration>4200</scenarioDuration>
    </validity>
    <comment>This command sequence is an Innosat timeline for MATS created with OPT. Science Mode Timeline used to generate: data/comissioning/Science_Mode_Timeline_3040_22112222112001STAR.json, Configuration File used: data/comissioning/configfile_3040_STAR.json</comment>
  </description>
  <listOfCommands>
    <procedure id="FCP-MTS-0035_Payload_Power_Toggle">
      <relativeTime>0</relativeTime>
      <comment>Payload_Power_Toggle, 2022/11/22 08:15:00</comment>
      <parameters/>
    </procedure>
    <command mnemonic="TC_acfArgEnableYawComp">
      <relativeTime>45</relativeTime>
      <comment>2022/11/22 08:15:45</comment>
      <tcArguments>
        <tcArgument mnemonic="EnableYawComp">0</tcArgument>
      </tcArguments>
    </command>
    <command mnemonic="TC_pafCCDFlushBadColumns">
      <relativeTime>90</relativeTime>
      <comment>2022/11/22 08:16:30</comment>
      <tcArguments>
        <tcArgument mnemonic="CCDSEL">127</tcArgument>
      </tcArguments>
    </command>
    <command mnemonic="TC_pafCCDBadColumn">
      <relativeTime>135</relativeTime>
      <comment>2022/11/22 08:17:15</comment>
      <tcArguments>
        <tcArgument mnemonic="CCDSEL">1</tcArgument>
        <tcArgument mnemonic="NBC">0</tcArgument>
      </tcArguments>
    </command>
    <command mnemonic="TC_pafCCDBIAS">
      <relativeTime>180</relativeTime>
      <comment>2022/11/22 08:18:00</comment>
      <tcArguments>
        <tcArgument mnemonic="CCDSEL">127</tcArgument>
        <tcArgument mnemonic="VGATE">0</tcArgument>
        <tcArgument mnemonic="VSUBST">128</tcArgument>
        <tcArgument mnemonic="VRD">126</tcArgument>
        <tcArgument mnemonic="VOD">100</tcArgument>
      </tcArguments>
    </command>
    <command mnemonic="TC_pafPM">
      <relativeTime>225</relativeTime>
      <comment>2022/11/22 08:18:45</comment>
      <tcArguments>
        <tcArgument mnemonic="TEXPMS">1500</tcArgument>
        <tcArgument mnemonic="TEXPIMS">2000</tcArgument>
      </tcArguments>
    </command>
    <command mnemonic="TC_pafCCD">
      <relativeTime>270</relativeTime>
      <comment>TurnONCCDs, 2022/11/22 08:19:30</comment>
      <tcArguments>
        <tcArgument mnemonic="CCDSEL">127</tcArgument>
        <tcArgument mnemonic="PWR">1</tcArgument>
        <tcArgument mnemonic="WDW">7</tcArgument>
        <tcArgument mnemonic="JPEGQ">100</tcArgument>
        <tcArgument mnemonic="SYNC">0</tcArgument>
        <tcArgument mnemonic="TEXPIMS">6000</tcArgument>
        <tcArgument mnemonic="TEXPMS">0</tcArgument>
        <tcArgument mnemonic="GAIN">0</tcArgument>
        <tcArgument mnemonic="NFLUSH">1023</tcArgument>
        <tcArgument mnemonic="NRSKIP">0</tcArgument>
        <tcArgument mnemonic="NRBIN">1</tcArgument>
        <tcArgument mnemonic="NROW">1</tcArgument>
        <tcArgument mnemonic="NCSKIP">0</tcArgument>
        <tcArgument mnemonic="NCBIN">1</tcArgument>
        <tcArgument mnemonic="NCOL">1</tcArgument>
        <tcArgument mnemonic="NCBINFPGA">0</tcArgument>
        <tcArgument mnemonic="SIGMODE">1</tcArgument>
      </tcArguments>
    </command>
    <command mnemonic="TC_pafMODE">
      <relativeTime>1040</relativeTime>
      <comment>STAR_3040 starting date: 2022/11/22 08:32:20, {'pointing_altitude': 92500, 'pointing_altitude_end': 230000, 'V_offset': [0], 'H_offset': [0], 'TimeToConsider': {'hours': 1, 'seconds': 0, 'TimeToConsider': 3600}, 'Vmag': 2, 'Priority': 'mag', 'timestep': 10, 'log_timestep': 3600, 'automatic': True, 'start_date': '0', 'freeze_start': 30, 'freeze_duration': 240, 'SnapshotTime': 3, 'SnapshotSpacing': 6, 'CCDSELs': [4], 'ExpTimes': [5000, 15000, 30000, 60000, 90000]}, Snapshot_Inertial_macro</comment>
      <tcArguments>
        <tcArgument mnemonic="MODE">2</tcArgument>
      </tcArguments>
    </command>
    <command mnemonic="TC_acfLimbPointingAltitudeOffset">
      <relativeTime>1042</relativeTime>
      <comment>STAR_3040 starting date: 2022/11/22 08:32:20, {'pointing_altitude': 92500, 'pointing_altitude_end': 230000, 'V_offset': [0], 'H_offset': [0], 'TimeToConsider': {'hours': 1, 'seconds': 0, 'TimeToConsider': 3600}, 'Vmag': 2, 'Priority': 'mag', 'timestep': 10, 'log_timestep': 3600, 'automatic': True, 'start_date': '0', 'freeze_start': 30, 'freeze_duration': 240, 'SnapshotTime': 3, 'SnapshotSpacing': 6, 'CCDSELs': [4], 'ExpTimes': [5000, 15000, 30000, 60000, 90000]}, Snapshot_Inertial_macro</comment>
      <tcArguments>
        <tcArgument mnemonic="Initial">92500</tcArgument>
        <tcArgument mnemonic="Final">92500</tcArgument>
        <tcArgument mnemonic="Rate">0</tcArgument>
      </tcArguments>
    </command>
    <command mnemonic="TC_pafCCD">
      <relativeTime>1052</relativeTime>
      <comment>STAR_3040 starting date: 2022/11/22 08:32:20, {'pointing_altitude': 92500, 'pointing_altitude_end': 230000, 'V_offset': [0], 'H_offset': [0], 'TimeToConsider': {'hours': 1, 'seconds': 0, 'TimeToConsider': 3600}, 'Vmag': 2, 'Priority': 'mag', 'timestep': 10, 'log_timestep': 3600, 'automatic': True, 'start_date': '0', 'freeze_start': 30, 'freeze_duration': 240, 'SnapshotTime': 3, 'SnapshotSpacing': 6, 'CCDSELs': [4], 'ExpTimes': [5000, 15000, 30000, 60000, 90000]}, Snapshot_Inertial_macro</comment>
      <tcArguments>
        <tcArgument mnemonic="CCDSEL">16</tcArgument>
        <tcArgument mnemonic="PWR">1</tcArgument>
        <tcArgument mnemonic="WDW">7</tcArgument>
        <tcArgument mnemonic="JPEGQ">100</tcArgument>
        <tcArgument mnemonic="SYNC">0</tcArgument>
        <tcArgument mnemonic="TEXPIMS">120000</tcArgument>
        <tcArgument mnemonic="TEXPMS">3000</tcArgument>
        <tcArgument mnemonic="GAIN">0</tcArgument>
        <tcArgument mnemonic="NFLUSH">1023</tcArgument>
        <tcArgument mnemonic="NRSKIP">0</tcArgument>
        <tcArgument mnemonic="NRBIN">1</tcArgument>
        <tcArgument mnemonic="NROW">511</tcArgument>
        <tcArgument mnemonic="NCSKIP">0</tcArgument>
        <tcArgument mnemonic="NCBIN">1</tcArgument>
        <tcArgument mnemonic="NCOL">2047</tcArgument>
        <tcArgument mnemonic="NCBINFPGA">0</tcArgument>
        <tcArgument mnemonic="SIGMODE">1</tcArgument>
      </tcArguments>
    </command>
    <command mnemonic="TC_pafCCD">
      <relativeTime>1054</relativeTime>
      <comment>STAR_3040 starting date: 2022/11/22 08:32:20, {'pointing_altitude': 92500, 'pointing_altitude_end': 230000, 'V_offset': [0], 'H_offset': [0], 'TimeToConsider': {'hours': 1, 'seconds': 0, 'TimeToConsider': 3600}, 'Vmag': 2, 'Priority': 'mag', 'timestep': 10, 'log_timestep': 3600, 'automatic': True, 'start_date': '0', 'freeze_start': 30, 'freeze_duration': 240, 'SnapshotTime': 3, 'SnapshotSpacing': 6, 'CCDSELs': [4], 'ExpTimes': [5000, 15000, 30000, 60000, 90000]}, Snapshot_Inertial_macro</comment>
      <tcArguments>
        <tcArgument mnemonic="CCDSEL">32</tcArgument>
        <tcArgument mnemonic="PWR">1</tcArgument>
        <tcArgument mnemonic="WDW">7</tcArgument>
        <tcArgument mnemonic="JPEGQ">100</tcArgument>
        <tcArgument mnemonic="SYNC">0</tcArgument>
        <tcArgument mnemonic="TEXPIMS">120000</tcArgument>
        <tcArgument mnemonic="TEXPMS">3000</tcArgument>
        <tcArgument mnemonic="GAIN">0</tcArgument>
        <tcArgument mnemonic="NFLUSH">1023</tcArgument>
        <tcArgument mnemonic="NRSKIP">0</tcArgument>
        <tcArgument mnemonic="NRBIN">1</tcArgument>
        <tcArgument mnemonic="NROW">511</tcArgument>
        <tcArgument mnemonic="NCSKIP">0</tcArgument>
        <tcArgument mnemonic="NCBIN">1</tcArgument>
        <tcArgument mnemonic="NCOL">2047</tcArgument>
        <tcArgument mnemonic="NCBINFPGA">0</tcArgument>
        <tcArgument mnemonic="SIGMODE">1</tcArgument>
      </tcArguments>
    </command>
    <command mnemonic="TC_pafCCD">
      <relativeTime>1056</relativeTime>
      <comment>STAR_3040 starting date: 2022/11/22 08:32:20, {'pointing_altitude': 92500, 'pointing_altitude_end': 230000, 'V_offset': [0], 'H_offset': [0], 'TimeToConsider': {'hours': 1, 'seconds': 0, 'TimeToConsider': 3600}, 'Vmag': 2, 'Priority': 'mag', 'timestep': 10, 'log_timestep': 3600, 'automatic': True, 'start_date': '0', 'freeze_start': 30, 'freeze_duration': 240, 'SnapshotTime': 3, 'SnapshotSpacing': 6, 'CCDSELs': [4], 'ExpTimes': [5000, 15000, 30000, 60000, 90000]}, Snapshot_Inertial_macro</comment>
      <tcArguments>
        <tcArgument mnemonic="CCDSEL">1</tcArgument>
        <tcArgument mnemonic="PWR">1</tcArgument>
        <tcArgument mnemonic="WDW">7</tcArgument>
        <tcArgument mnemonic="JPEGQ">100</tcArgument>
        <tcArgument mnemonic="SYNC">0</tcArgument>
        <tcArgument mnemonic="TEXPIMS">120000</tcArgument>
        <tcArgument mnemonic="TEXPMS">5000</tcArgument>
        <tcArgument mnemonic="GAIN">0</tcArgument>
        <tcArgument mnemonic="NFLUSH">1023</tcArgument>
        <tcArgument mnemonic="NRSKIP">0</tcArgument>
        <tcArgument mnemonic="NRBIN">1</tcArgument>
        <tcArgument mnemonic="NROW">511</tcArgument>
        <tcArgument mnemonic="NCSKIP">0</tcArgument>
        <tcArgument mnemonic="NCBIN">1</tcArgument>
        <tcArgument mnemonic="NCOL">2047</tcArgument>
        <tcArgument mnemonic="NCBINFPGA">0</tcArgument>
        <tcArgument mnemonic="SIGMODE">1</tcArgument>
      </tcArguments>
    </command>
    <command mnemonic="TC_pafCCD">
      <relativeTime>1058</relativeTime>
      <comment>STAR_3040 starting date: 2022/11/22 08:32:20, {'pointing_altitude': 92500, 'pointing_altitude_end': 230000, 'V_offset': [0], 'H_offset': [0], 'TimeToConsider': {'hours': 1, 'seconds': 0, 'TimeToConsider': 3600}, 'Vmag': 2, 'Priority': 'mag', 'timestep': 10, 'log_timestep': 3600, 'automatic': True, 'start_date': '0', 'freeze_start': 30, 'freeze_duration': 240, 'SnapshotTime': 3, 'SnapshotSpacing': 6, 'CCDSELs': [4], 'ExpTimes': [5000, 15000, 30000, 60000, 90000]}, Snapshot_Inertial_macro</comment>
      <tcArguments>
        <tcArgument mnemonic="CCDSEL">8</tcArgument>
        <tcArgument mnemonic="PWR">1</tcArgument>
        <tcArgument mnemonic="WDW">7</tcArgument>
        <tcArgument mnemonic="JPEGQ">100</tcArgument>
        <tcArgument mnemonic="SYNC">0</tcArgument>
        <tcArgument mnemonic="TEXPIMS">120000</tcArgument>
        <tcArgument mnemonic="TEXPMS">5000</tcArgument>
        <tcArgument mnemonic="GAIN">0</tcArgument>
        <tcArgument mnemonic="NFLUSH">1023</tcArgument>
        <tcArgument mnemonic="NRSKIP">0</tcArgument>
        <tcArgument mnemonic="NRBIN">1</tcArgument>
        <tcArgument mnemonic="NROW">511</tcArgument>
        <tcArgument mnemonic="NCSKIP">0</tcArgument>
        <tcArgument mnemonic="NCBIN">1</tcArgument>
        <tcArgument mnemonic="NCOL">2047</tcArgument>
        <tcArgument mnemonic="NCBINFPGA">0</tcArgument>
        <tcArgument mnemonic="SIGMODE">1</tcArgument>
      </tcArguments>
    </command>
    <command mnemonic="TC_pafCCD">
      <relativeTime>1060</relativeTime>
      <comment>STAR_3040 starting date: 2022/11/22 08:32:20, {'pointing_altitude': 92500, 'pointing_altitude_end': 230000, 'V_offset': [0], 'H_offset': [0], 'TimeToConsider': {'hours': 1, 'seconds': 0, 'TimeToConsider': 3600}, 'Vmag': 2, 'Priority': 'mag', 'timestep': 10, 'log_timestep': 3600, 'automatic': True, 'start_date': '0', 'freeze_start': 30, 'freeze_duration': 240, 'SnapshotTime': 3, 'SnapshotSpacing': 6, 'CCDSELs': [4], 'ExpTimes': [5000, 15000, 30000, 60000, 90000]}, Snapshot_Inertial_macro</comment>
      <tcArguments>
        <tcArgument mnemonic="CCDSEL">2</tcArgument>
        <tcArgument mnemonic="PWR">1</tcArgument>
        <tcArgument mnemonic="WDW">7</tcArgument>
        <tcArgument mnemonic="JPEGQ">100</tcArgument>
        <tcArgument mnemonic="SYNC">0</tcArgument>
        <tcArgument mnemonic="TEXPIMS">120000</tcArgument>
        <tcArgument mnemonic="TEXPMS">5000</tcArgument>
        <tcArgument mnemonic="GAIN">0</tcArgument>
        <tcArgument mnemonic="NFLUSH">1023</tcArgument>
        <tcArgument mnemonic="NRSKIP">0</tcArgument>
        <tcArgument mnemonic="NRBIN">1</tcArgument>
        <tcArgument mnemonic="NROW">511</tcArgument>
        <tcArgument mnemonic="NCSKIP">0</tcArgument>
        <tcArgument mnemonic="NCBIN">1</tcArgument>
        <tcArgument mnemonic="NCOL">2047</tcArgument>
        <tcArgument mnemonic="NCBINFPGA">0</tcArgument>
        <tcArgument mnemonic="SIGMODE">1</tcArgument>
      </tcArguments>
    </command>
    <command mnemonic="TC_pafCCD">
      <relativeTime>1062</relativeTime>
      <comment>STAR_3040 starting date: 2022/11/22 08:32:20, {'pointing_altitude': 92500, 'pointing_altitude_end': 230000, 'V_offset': [0], 'H_offset': [0], 'TimeToConsider': {'hours': 1, 'seconds': 0, 'TimeToConsider': 3600}, 'Vmag': 2, 'Priority': 'mag', 'timestep': 10, 'log_timestep': 3600, 'automatic': True, 'start_date': '0', 'freeze_start': 30, 'freeze_duration': 240, 'SnapshotTime': 3, 'SnapshotSpacing': 6, 'CCDSELs': [4], 'ExpTimes': [5000, 15000, 30000, 60000, 90000]}, Snapshot_Inertial_macro</comment>
      <tcArguments>
        <tcArgument mnemonic="CCDSEL">4</tcArgument>
        <tcArgument mnemonic="PWR">1</tcArgument>
        <tcArgument mnemonic="WDW">7</tcArgument>
        <tcArgument mnemonic="JPEGQ">100</tcArgument>
        <tcArgument mnemonic="SYNC">0</tcArgument>
        <tcArgument mnemonic="TEXPIMS">120000</tcArgument>
        <tcArgument mnemonic="TEXPMS">5000</tcArgument>
        <tcArgument mnemonic="GAIN">0</tcArgument>
        <tcArgument mnemonic="NFLUSH">1023</tcArgument>
        <tcArgument mnemonic="NRSKIP">0</tcArgument>
        <tcArgument mnemonic="NRBIN">1</tcArgument>
        <tcArgument mnemonic="NROW">511</tcArgument>
        <tcArgument mnemonic="NCSKIP">0</tcArgument>
        <tcArgument mnemonic="NCBIN">1</tcArgument>
        <tcArgument mnemonic="NCOL">2047</tcArgument>
        <tcArgument mnemonic="NCBINFPGA">0</tcArgument>
        <tcArgument mnemonic="SIGMODE">1</tcArgument>
      </tcArguments>
    </command>
    <command mnemonic="TC_pafCCD">
      <relativeTime>1064</relativeTime>
      <comment>STAR_3040 starting date: 2022/11/22 08:32:20, {'pointing_altitude': 92500, 'pointing_altitude_end': 230000, 'V_offset': [0], 'H_offset': [0], 'TimeToConsider': {'hours': 1, 'seconds': 0, 'TimeToConsider': 3600}, 'Vmag': 2, 'Priority': 'mag', 'timestep': 10, 'log_timestep': 3600, 'automatic': True, 'start_date': '0', 'freeze_start': 30, 'freeze_duration': 240, 'SnapshotTime': 3, 'SnapshotSpacing': 6, 'CCDSELs': [4], 'ExpTimes': [5000, 15000, 30000, 60000, 90000]}, Snapshot_Inertial_macro</comment>
      <tcArguments>
        <tcArgument mnemonic="CCDSEL">64</tcArgument>
        <tcArgument mnemonic="PWR">1</tcArgument>
        <tcArgument mnemonic="WDW">7</tcArgument>
        <tcArgument mnemonic="JPEGQ">100</tcArgument>
        <tcArgument mnemonic="SYNC">0</tcArgument>
        <tcArgument mnemonic="TEXPIMS">62800</tcArgument>
        <tcArgument mnemonic="TEXPMS">1500</tcArgument>
        <tcArgument mnemonic="GAIN">0</tcArgument>
        <tcArgument mnemonic="NFLUSH">1023</tcArgument>
        <tcArgument mnemonic="NRSKIP">0</tcArgument>
        <tcArgument mnemonic="NRBIN">1</tcArgument>
        <tcArgument mnemonic="NROW">511</tcArgument>
        <tcArgument mnemonic="NCSKIP">0</tcArgument>
        <tcArgument mnemonic="NCBIN">1</tcArgument>
        <tcArgument mnemonic="NCOL">2047</tcArgument>
        <tcArgument mnemonic="NCBINFPGA">0</tcArgument>
        <tcArgument mnemonic="SIGMODE">1</tcArgument>
      </tcArguments>
    </command>
    <procedure id="FCP-ACS-0022_Payload_Attitude_Freeze">
      <relativeTime>1070</relativeTime>
      <comment>STAR_3040 starting date: 2022/11/22 08:32:20, {'pointing_altitude': 92500, 'pointing_altitude_end': 230000, 'V_offset': [0], 'H_offset': [0], 'TimeToConsider': {'hours': 1, 'seconds': 0, 'TimeToConsider': 3600}, 'Vmag': 2, 'Priority': 'mag', 'timestep': 10, 'log_timestep': 3600, 'automatic': True, 'start_date': '0', 'freeze_start': 30, 'freeze_duration': 240, 'SnapshotTime': 3, 'SnapshotSpacing': 6, 'CCDSELs': [4], 'ExpTimes': [5000, 15000, 30000, 60000, 90000]}, Snapshot_Inertial_macro</comment>
      <tcArguments>
        <tcArgument mnemonic="FreezeDuration">240</tcArgument>
      </tcArguments>
    </procedure>
    <command mnemonic="TC_pafCCD">
      <relativeTime>1072</relativeTime>
      <comment>STAR_3040 starting date: 2022/11/22 08:32:20, {'pointing_altitude': 92500, 'pointing_altitude_end': 230000, 'V_offset': [0], 'H_offset': [0], 'TimeToConsider': {'hours': 1, 'seconds': 0, 'TimeToConsider': 3600}, 'Vmag': 2, 'Priority': 'mag', 'timestep': 10, 'log_timestep': 3600, 'automatic': True, 'start_date': '0', 'freeze_start': 30, 'freeze_duration': 240, 'SnapshotTime': 3, 'SnapshotSpacing': 6, 'CCDSELs': [4], 'ExpTimes': [5000, 15000, 30000, 60000, 90000]}, Snapshot_Inertial_macro</comment>
      <tcArguments>
        <tcArgument mnemonic="CCDSEL">4</tcArgument>
        <tcArgument mnemonic="PWR">1</tcArgument>
        <tcArgument mnemonic="WDW">7</tcArgument>
        <tcArgument mnemonic="JPEGQ">100</tcArgument>
        <tcArgument mnemonic="SYNC">0</tcArgument>
        <tcArgument mnemonic="TEXPIMS">120000</tcArgument>
        <tcArgument mnemonic="TEXPMS">5000</tcArgument>
        <tcArgument mnemonic="GAIN">0</tcArgument>
        <tcArgument mnemonic="NFLUSH">1023</tcArgument>
        <tcArgument mnemonic="NRSKIP">0</tcArgument>
        <tcArgument mnemonic="NRBIN">1</tcArgument>
        <tcArgument mnemonic="NROW">511</tcArgument>
        <tcArgument mnemonic="NCSKIP">0</tcArgument>
        <tcArgument mnemonic="NCBIN">1</tcArgument>
        <tcArgument mnemonic="NCOL">2047</tcArgument>
        <tcArgument mnemonic="NCBINFPGA">0</tcArgument>
        <tcArgument mnemonic="SIGMODE">1</tcArgument>
      </tcArguments>
    </command>
    <command mnemonic="TC_pafCCDSNAPSHOT">
      <relativeTime>1074</relativeTime>
      <comment>STAR_3040 starting date: 2022/11/22 08:32:20, {'pointing_altitude': 92500, 'pointing_altitude_end': 230000, 'V_offset': [0], 'H_offset': [0], 'TimeToConsider': {'hours': 1, 'seconds': 0, 'TimeToConsider': 3600}, 'Vmag': 2, 'Priority': 'mag', 'timestep': 10, 'log_timestep': 3600, 'automatic': True, 'start_date': '0', 'freeze_start': 30, 'freeze_duration': 240, 'SnapshotTime': 3, 'SnapshotSpacing': 6, 'CCDSELs': [4], 'ExpTimes': [5000, 15000, 30000, 60000, 90000]}, Snapshot_Inertial_macro</comment>
      <tcArguments>
        <tcArgument mnemonic="CCDSEL">4</tcArgument>
      </tcArguments>
    </command>
    <command mnemonic="TC_pafCCD">
      <relativeTime>1087</relativeTime>
      <comment>STAR_3040 starting date: 2022/11/22 08:32:20, {'pointing_altitude': 92500, 'pointing_altitude_end': 230000, 'V_offset': [0], 'H_offset': [0], 'TimeToConsider': {'hours': 1, 'seconds': 0, 'TimeToConsider': 3600}, 'Vmag': 2, 'Priority': 'mag', 'timestep': 10, 'log_timestep': 3600, 'automatic': True, 'start_date': '0', 'freeze_start': 30, 'freeze_duration': 240, 'SnapshotTime': 3, 'SnapshotSpacing': 6, 'CCDSELs': [4], 'ExpTimes': [5000, 15000, 30000, 60000, 90000]}, Snapshot_Inertial_macro</comment>
      <tcArguments>
        <tcArgument mnemonic="CCDSEL">4</tcArgument>
        <tcArgument mnemonic="PWR">1</tcArgument>
        <tcArgument mnemonic="WDW">7</tcArgument>
        <tcArgument mnemonic="JPEGQ">100</tcArgument>
        <tcArgument mnemonic="SYNC">0</tcArgument>
        <tcArgument mnemonic="TEXPIMS">120000</tcArgument>
        <tcArgument mnemonic="TEXPMS">15000</tcArgument>
        <tcArgument mnemonic="GAIN">0</tcArgument>
        <tcArgument mnemonic="NFLUSH">1023</tcArgument>
        <tcArgument mnemonic="NRSKIP">0</tcArgument>
        <tcArgument mnemonic="NRBIN">1</tcArgument>
        <tcArgument mnemonic="NROW">511</tcArgument>
        <tcArgument mnemonic="NCSKIP">0</tcArgument>
        <tcArgument mnemonic="NCBIN">1</tcArgument>
        <tcArgument mnemonic="NCOL">2047</tcArgument>
        <tcArgument mnemonic="NCBINFPGA">0</tcArgument>
        <tcArgument mnemonic="SIGMODE">1</tcArgument>
      </tcArguments>
    </command>
    <command mnemonic="TC_pafCCDSNAPSHOT">
      <relativeTime>1089</relativeTime>
      <comment>STAR_3040 starting date: 2022/11/22 08:32:20, {'pointing_altitude': 92500, 'pointing_altitude_end': 230000, 'V_offset': [0], 'H_offset': [0], 'TimeToConsider': {'hours': 1, 'seconds': 0, 'TimeToConsider': 3600}, 'Vmag': 2, 'Priority': 'mag', 'timestep': 10, 'log_timestep': 3600, 'automatic': True, 'start_date': '0', 'freeze_start': 30, 'freeze_duration': 240, 'SnapshotTime': 3, 'SnapshotSpacing': 6, 'CCDSELs': [4], 'ExpTimes': [5000, 15000, 30000, 60000, 90000]}, Snapshot_Inertial_macro</comment>
      <tcArguments>
        <tcArgument mnemonic="CCDSEL">4</tcArgument>
      </tcArguments>
    </command>
    <command mnemonic="TC_pafCCD">
      <relativeTime>1112</relativeTime>
      <comment>STAR_3040 starting date: 2022/11/22 08:32:20, {'pointing_altitude': 92500, 'pointing_altitude_end': 230000, 'V_offset': [0], 'H_offset': [0], 'TimeToConsider': {'hours': 1, 'seconds': 0, 'TimeToConsider': 3600}, 'Vmag': 2, 'Priority': 'mag', 'timestep': 10, 'log_timestep': 3600, 'automatic': True, 'start_date': '0', 'freeze_start': 30, 'freeze_duration': 240, 'SnapshotTime': 3, 'SnapshotSpacing': 6, 'CCDSELs': [4], 'ExpTimes': [5000, 15000, 30000, 60000, 90000]}, Snapshot_Inertial_macro</comment>
      <tcArguments>
        <tcArgument mnemonic="CCDSEL">4</tcArgument>
        <tcArgument mnemonic="PWR">1</tcArgument>
        <tcArgument mnemonic="WDW">7</tcArgument>
        <tcArgument mnemonic="JPEGQ">100</tcArgument>
        <tcArgument mnemonic="SYNC">0</tcArgument>
        <tcArgument mnemonic="TEXPIMS">120000</tcArgument>
        <tcArgument mnemonic="TEXPMS">30000</tcArgument>
        <tcArgument mnemonic="GAIN">0</tcArgument>
        <tcArgument mnemonic="NFLUSH">1023</tcArgument>
        <tcArgument mnemonic="NRSKIP">0</tcArgument>
        <tcArgument mnemonic="NRBIN">1</tcArgument>
        <tcArgument mnemonic="NROW">511</tcArgument>
        <tcArgument mnemonic="NCSKIP">0</tcArgument>
        <tcArgument mnemonic="NCBIN">1</tcArgument>
        <tcArgument mnemonic="NCOL">2047</tcArgument>
        <tcArgument mnemonic="NCBINFPGA">0</tcArgument>
        <tcArgument mnemonic="SIGMODE">1</tcArgument>
      </tcArguments>
    </command>
    <command mnemonic="TC_pafCCDSNAPSHOT">
      <relativeTime>1114</relativeTime>
      <comment>STAR_3040 starting date: 2022/11/22 08:32:20, {'pointing_altitude': 92500, 'pointing_altitude_end': 230000, 'V_offset': [0], 'H_offset': [0], 'TimeToConsider': {'hours': 1, 'seconds': 0, 'TimeToConsider': 3600}, 'Vmag': 2, 'Priority': 'mag', 'timestep': 10, 'log_timestep': 3600, 'automatic': True, 'start_date': '0', 'freeze_start': 30, 'freeze_duration': 240, 'SnapshotTime': 3, 'SnapshotSpacing': 6, 'CCDSELs': [4], 'ExpTimes': [5000, 15000, 30000, 60000, 90000]}, Snapshot_Inertial_macro</comment>
      <tcArguments>
        <tcArgument mnemonic="CCDSEL">4</tcArgument>
      </tcArguments>
    </command>
    <command mnemonic="TC_pafCCD">
      <relativeTime>1152</relativeTime>
      <comment>STAR_3040 starting date: 2022/11/22 08:32:20, {'pointing_altitude': 92500, 'pointing_altitude_end': 230000, 'V_offset': [0], 'H_offset': [0], 'TimeToConsider': {'hours': 1, 'seconds': 0, 'TimeToConsider': 3600}, 'Vmag': 2, 'Priority': 'mag', 'timestep': 10, 'log_timestep': 3600, 'automatic': True, 'start_date': '0', 'freeze_start': 30, 'freeze_duration': 240, 'SnapshotTime': 3, 'SnapshotSpacing': 6, 'CCDSELs': [4], 'ExpTimes': [5000, 15000, 30000, 60000, 90000]}, Snapshot_Inertial_macro</comment>
      <tcArguments>
        <tcArgument mnemonic="CCDSEL">4</tcArgument>
        <tcArgument mnemonic="PWR">1</tcArgument>
        <tcArgument mnemonic="WDW">7</tcArgument>
        <tcArgument mnemonic="JPEGQ">100</tcArgument>
        <tcArgument mnemonic="SYNC">0</tcArgument>
        <tcArgument mnemonic="TEXPIMS">120000</tcArgument>
        <tcArgument mnemonic="TEXPMS">60000</tcArgument>
        <tcArgument mnemonic="GAIN">0</tcArgument>
        <tcArgument mnemonic="NFLUSH">1023</tcArgument>
        <tcArgument mnemonic="NRSKIP">0</tcArgument>
        <tcArgument mnemonic="NRBIN">1</tcArgument>
        <tcArgument mnemonic="NROW">511</tcArgument>
        <tcArgument mnemonic="NCSKIP">0</tcArgument>
        <tcArgument mnemonic="NCBIN">1</tcArgument>
        <tcArgument mnemonic="NCOL">2047</tcArgument>
        <tcArgument mnemonic="NCBINFPGA">0</tcArgument>
        <tcArgument mnemonic="SIGMODE">1</tcArgument>
      </tcArguments>
    </command>
    <command mnemonic="TC_pafCCDSNAPSHOT">
      <relativeTime>1154</relativeTime>
      <comment>STAR_3040 starting date: 2022/11/22 08:32:20, {'pointing_altitude': 92500, 'pointing_altitude_end': 230000, 'V_offset': [0], 'H_offset': [0], 'TimeToConsider': {'hours': 1, 'seconds': 0, 'TimeToConsider': 3600}, 'Vmag': 2, 'Priority': 'mag', 'timestep': 10, 'log_timestep': 3600, 'automatic': True, 'start_date': '0', 'freeze_start': 30, 'freeze_duration': 240, 'SnapshotTime': 3, 'SnapshotSpacing': 6, 'CCDSELs': [4], 'ExpTimes': [5000, 15000, 30000, 60000, 90000]}, Snapshot_Inertial_macro</comment>
      <tcArguments>
        <tcArgument mnemonic="CCDSEL">4</tcArgument>
      </tcArguments>
    </command>
    <command mnemonic="TC_pafCCD">
      <relativeTime>1222</relativeTime>
      <comment>STAR_3040 starting date: 2022/11/22 08:32:20, {'pointing_altitude': 92500, 'pointing_altitude_end': 230000, 'V_offset': [0], 'H_offset': [0], 'TimeToConsider': {'hours': 1, 'seconds': 0, 'TimeToConsider': 3600}, 'Vmag': 2, 'Priority': 'mag', 'timestep': 10, 'log_timestep': 3600, 'automatic': True, 'start_date': '0', 'freeze_start': 30, 'freeze_duration': 240, 'SnapshotTime': 3, 'SnapshotSpacing': 6, 'CCDSELs': [4], 'ExpTimes': [5000, 15000, 30000, 60000, 90000]}, Snapshot_Inertial_macro</comment>
      <tcArguments>
        <tcArgument mnemonic="CCDSEL">4</tcArgument>
        <tcArgument mnemonic="PWR">1</tcArgument>
        <tcArgument mnemonic="WDW">7</tcArgument>
        <tcArgument mnemonic="JPEGQ">100</tcArgument>
        <tcArgument mnemonic="SYNC">0</tcArgument>
        <tcArgument mnemonic="TEXPIMS">120000</tcArgument>
        <tcArgument mnemonic="TEXPMS">90000</tcArgument>
        <tcArgument mnemonic="GAIN">0</tcArgument>
        <tcArgument mnemonic="NFLUSH">1023</tcArgument>
        <tcArgument mnemonic="NRSKIP">0</tcArgument>
        <tcArgument mnemonic="NRBIN">1</tcArgument>
        <tcArgument mnemonic="NROW">511</tcArgument>
        <tcArgument mnemonic="NCSKIP">0</tcArgument>
        <tcArgument mnemonic="NCBIN">1</tcArgument>
        <tcArgument mnemonic="NCOL">2047</tcArgument>
        <tcArgument mnemonic="NCBINFPGA">0</tcArgument>
        <tcArgument mnemonic="SIGMODE">1</tcArgument>
      </tcArguments>
    </command>
    <command mnemonic="TC_pafCCDSNAPSHOT">
      <relativeTime>1224</relativeTime>
      <comment>STAR_3040 starting date: 2022/11/22 08:32:20, {'pointing_altitude': 92500, 'pointing_altitude_end': 230000, 'V_offset': [0], 'H_offset': [0], 'TimeToConsider': {'hours': 1, 'seconds': 0, 'TimeToConsider': 3600}, 'Vmag': 2, 'Priority': 'mag', 'timestep': 10, 'log_timestep': 3600, 'automatic': True, 'start_date': '0', 'freeze_start': 30, 'freeze_duration': 240, 'SnapshotTime': 3, 'SnapshotSpacing': 6, 'CCDSELs': [4], 'ExpTimes': [5000, 15000, 30000, 60000, 90000]}, Snapshot_Inertial_macro</comment>
      <tcArguments>
        <tcArgument mnemonic="CCDSEL">4</tcArgument>
      </tcArguments>
    </command>
    <command mnemonic="TC_acfLimbPointingAltitudeOffset">
      <relativeTime>1322</relativeTime>
      <comment>STAR_3040 starting date: 2022/11/22 08:32:20, {'pointing_altitude': 92500, 'pointing_altitude_end': 230000, 'V_offset': [0], 'H_offset': [0], 'TimeToConsider': {'hours': 1, 'seconds': 0, 'TimeToConsider': 3600}, 'Vmag': 2, 'Priority': 'mag', 'timestep': 10, 'log_timestep': 3600, 'automatic': True, 'start_date': '0', 'freeze_start': 30, 'freeze_duration': 240, 'SnapshotTime': 3, 'SnapshotSpacing': 6, 'CCDSELs': [4], 'ExpTimes': [5000, 15000, 30000, 60000, 90000]}, Snapshot_Inertial_macro</comment>
      <tcArguments>
        <tcArgument mnemonic="Initial">92500</tcArgument>
        <tcArgument mnemonic="Final">92500</tcArgument>
        <tcArgument mnemonic="Rate">0</tcArgument>
      </tcArguments>
    </command>
  </listOfCommands>
</InnoSatTimeline>
