<InnoSatTimeline originator="OHB" sdbVersion="9.5.99.2">
  <description>
    <timelineID procedureIdentifier="3000" descriptiveName="202211092022110602FFEXP" version="02"/>
    <changeLog>
      <changeLogItem version="02" date="2022-11-06" author="OMC">The file was created using OPT</changeLogItem>
    </changeLog>
    <validity>
      <startingDate>2022-11-09T09:45:00</startingDate>
      <scenarioDuration>4200</scenarioDuration>
    </validity>
    <comment>This command sequence is an Innosat timeline for MATS created with OPT. Science Mode Timeline used to generate: data/early_harvest/Science_Mode_Timeline_3000_22110922110602FFEXP.json, Configuration File used: data/early_harvest/configfile_3000_FFEXP.json</comment>
  </description>
  <listOfCommands>
    <procedure id="FCP-MTS-0035_Payload_Power_Toggle">
      <relativeTime>0</relativeTime>
      <comment>Payload_Power_Toggle, 2022/11/9 09:45:00</comment>
      <parameters/>
    </procedure>
    <command mnemonic="TC_acfArgEnableYawComp">
      <relativeTime>45</relativeTime>
      <comment>2022/11/9 09:45:45</comment>
      <tcArguments>
        <tcArgument mnemonic="EnableYawComp">0</tcArgument>
      </tcArguments>
    </command>
    <command mnemonic="TC_pafCCDFlushBadColumns">
      <relativeTime>90</relativeTime>
      <comment>2022/11/9 09:46:30</comment>
      <tcArguments>
        <tcArgument mnemonic="CCDSEL">127</tcArgument>
      </tcArguments>
    </command>
    <command mnemonic="TC_pafCCDBadColumn">
      <relativeTime>135</relativeTime>
      <comment>2022/11/9 09:47:15</comment>
      <tcArguments>
        <tcArgument mnemonic="CCDSEL">1</tcArgument>
        <tcArgument mnemonic="NBC">0</tcArgument>
      </tcArguments>
    </command>
    <command mnemonic="TC_pafCCDBIAS">
      <relativeTime>180</relativeTime>
      <comment>2022/11/9 09:48:00</comment>
      <tcArguments>
        <tcArgument mnemonic="CCDSEL">127</tcArgument>
        <tcArgument mnemonic="VGATE">0</tcArgument>
        <tcArgument mnemonic="VSUBST">128</tcArgument>
        <tcArgument mnemonic="VRD">126</tcArgument>
        <tcArgument mnemonic="VOD">100</tcArgument>
      </tcArguments>
    </command>
    <command mnemonic="TC_pafPM">
      <relativeTime>225</relativeTime>
      <comment>2022/11/9 09:48:45</comment>
      <tcArguments>
        <tcArgument mnemonic="TEXPMS">1500</tcArgument>
        <tcArgument mnemonic="TEXPIMS">2000</tcArgument>
      </tcArguments>
    </command>
    <command mnemonic="TC_pafCCD">
      <relativeTime>270</relativeTime>
      <comment>TurnONCCDs, 2022/11/9 09:49:30</comment>
      <tcArguments>
        <tcArgument mnemonic="CCDSEL">127</tcArgument>
        <tcArgument mnemonic="PWR">1</tcArgument>
        <tcArgument mnemonic="WDW">7</tcArgument>
        <tcArgument mnemonic="JPEGQ">100</tcArgument>
        <tcArgument mnemonic="SYNC">0</tcArgument>
        <tcArgument mnemonic="TEXPIMS">6000</tcArgument>
        <tcArgument mnemonic="TEXPMS">0</tcArgument>
        <tcArgument mnemonic="GAIN">0</tcArgument>
        <tcArgument mnemonic="NFLUSH">1023</tcArgument>
        <tcArgument mnemonic="NRSKIP">0</tcArgument>
        <tcArgument mnemonic="NRBIN">1</tcArgument>
        <tcArgument mnemonic="NROW">1</tcArgument>
        <tcArgument mnemonic="NCSKIP">0</tcArgument>
        <tcArgument mnemonic="NCBIN">1</tcArgument>
        <tcArgument mnemonic="NCOL">1</tcArgument>
        <tcArgument mnemonic="NCBINFPGA">0</tcArgument>
        <tcArgument mnemonic="SIGMODE">1</tcArgument>
      </tcArguments>
    </command>
    <command mnemonic="TC_pafMODE">
      <relativeTime>1200</relativeTime>
      <comment>FFEXP_3000, 2022-11-09 10:05:00, , pointing_altitude = 92500, ExpTime = 3000, Snapshot_Limb_Pointing_macro</comment>
      <tcArguments>
        <tcArgument mnemonic="MODE">2</tcArgument>
      </tcArguments>
    </command>
    <command mnemonic="TC_pafCCD">
      <relativeTime>1212</relativeTime>
      <comment>FFEXP_3000, 2022-11-09 10:05:00, , pointing_altitude = 92500, ExpTime = 3000, Snapshot_Limb_Pointing_macro</comment>
      <tcArguments>
        <tcArgument mnemonic="CCDSEL">16</tcArgument>
        <tcArgument mnemonic="PWR">1</tcArgument>
        <tcArgument mnemonic="WDW">7</tcArgument>
        <tcArgument mnemonic="JPEGQ">100</tcArgument>
        <tcArgument mnemonic="SYNC">0</tcArgument>
        <tcArgument mnemonic="TEXPIMS">62800</tcArgument>
        <tcArgument mnemonic="TEXPMS">3000</tcArgument>
        <tcArgument mnemonic="GAIN">0</tcArgument>
        <tcArgument mnemonic="NFLUSH">1023</tcArgument>
        <tcArgument mnemonic="NRSKIP">0</tcArgument>
        <tcArgument mnemonic="NRBIN">1</tcArgument>
        <tcArgument mnemonic="NROW">511</tcArgument>
        <tcArgument mnemonic="NCSKIP">0</tcArgument>
        <tcArgument mnemonic="NCBIN">1</tcArgument>
        <tcArgument mnemonic="NCOL">2047</tcArgument>
        <tcArgument mnemonic="NCBINFPGA">0</tcArgument>
        <tcArgument mnemonic="SIGMODE">1</tcArgument>
      </tcArguments>
    </command>
    <command mnemonic="TC_pafCCD">
      <relativeTime>1214</relativeTime>
      <comment>FFEXP_3000, 2022-11-09 10:05:00, , pointing_altitude = 92500, ExpTime = 3000, Snapshot_Limb_Pointing_macro</comment>
      <tcArguments>
        <tcArgument mnemonic="CCDSEL">32</tcArgument>
        <tcArgument mnemonic="PWR">1</tcArgument>
        <tcArgument mnemonic="WDW">7</tcArgument>
        <tcArgument mnemonic="JPEGQ">100</tcArgument>
        <tcArgument mnemonic="SYNC">0</tcArgument>
        <tcArgument mnemonic="TEXPIMS">62800</tcArgument>
        <tcArgument mnemonic="TEXPMS">3000</tcArgument>
        <tcArgument mnemonic="GAIN">0</tcArgument>
        <tcArgument mnemonic="NFLUSH">1023</tcArgument>
        <tcArgument mnemonic="NRSKIP">0</tcArgument>
        <tcArgument mnemonic="NRBIN">1</tcArgument>
        <tcArgument mnemonic="NROW">511</tcArgument>
        <tcArgument mnemonic="NCSKIP">0</tcArgument>
        <tcArgument mnemonic="NCBIN">1</tcArgument>
        <tcArgument mnemonic="NCOL">2047</tcArgument>
        <tcArgument mnemonic="NCBINFPGA">0</tcArgument>
        <tcArgument mnemonic="SIGMODE">1</tcArgument>
      </tcArguments>
    </command>
    <command mnemonic="TC_pafCCD">
      <relativeTime>1216</relativeTime>
      <comment>FFEXP_3000, 2022-11-09 10:05:00, , pointing_altitude = 92500, ExpTime = 3000, Snapshot_Limb_Pointing_macro</comment>
      <tcArguments>
        <tcArgument mnemonic="CCDSEL">1</tcArgument>
        <tcArgument mnemonic="PWR">1</tcArgument>
        <tcArgument mnemonic="WDW">7</tcArgument>
        <tcArgument mnemonic="JPEGQ">100</tcArgument>
        <tcArgument mnemonic="SYNC">0</tcArgument>
        <tcArgument mnemonic="TEXPIMS">62800</tcArgument>
        <tcArgument mnemonic="TEXPMS">3000</tcArgument>
        <tcArgument mnemonic="GAIN">0</tcArgument>
        <tcArgument mnemonic="NFLUSH">1023</tcArgument>
        <tcArgument mnemonic="NRSKIP">0</tcArgument>
        <tcArgument mnemonic="NRBIN">1</tcArgument>
        <tcArgument mnemonic="NROW">511</tcArgument>
        <tcArgument mnemonic="NCSKIP">0</tcArgument>
        <tcArgument mnemonic="NCBIN">1</tcArgument>
        <tcArgument mnemonic="NCOL">2047</tcArgument>
        <tcArgument mnemonic="NCBINFPGA">0</tcArgument>
        <tcArgument mnemonic="SIGMODE">1</tcArgument>
      </tcArguments>
    </command>
    <command mnemonic="TC_pafCCD">
      <relativeTime>1218</relativeTime>
      <comment>FFEXP_3000, 2022-11-09 10:05:00, , pointing_altitude = 92500, ExpTime = 3000, Snapshot_Limb_Pointing_macro</comment>
      <tcArguments>
        <tcArgument mnemonic="CCDSEL">8</tcArgument>
        <tcArgument mnemonic="PWR">1</tcArgument>
        <tcArgument mnemonic="WDW">7</tcArgument>
        <tcArgument mnemonic="JPEGQ">100</tcArgument>
        <tcArgument mnemonic="SYNC">0</tcArgument>
        <tcArgument mnemonic="TEXPIMS">62800</tcArgument>
        <tcArgument mnemonic="TEXPMS">3000</tcArgument>
        <tcArgument mnemonic="GAIN">0</tcArgument>
        <tcArgument mnemonic="NFLUSH">1023</tcArgument>
        <tcArgument mnemonic="NRSKIP">0</tcArgument>
        <tcArgument mnemonic="NRBIN">1</tcArgument>
        <tcArgument mnemonic="NROW">511</tcArgument>
        <tcArgument mnemonic="NCSKIP">0</tcArgument>
        <tcArgument mnemonic="NCBIN">1</tcArgument>
        <tcArgument mnemonic="NCOL">2047</tcArgument>
        <tcArgument mnemonic="NCBINFPGA">0</tcArgument>
        <tcArgument mnemonic="SIGMODE">1</tcArgument>
      </tcArguments>
    </command>
    <command mnemonic="TC_pafCCD">
      <relativeTime>1220</relativeTime>
      <comment>FFEXP_3000, 2022-11-09 10:05:00, , pointing_altitude = 92500, ExpTime = 3000, Snapshot_Limb_Pointing_macro</comment>
      <tcArguments>
        <tcArgument mnemonic="CCDSEL">2</tcArgument>
        <tcArgument mnemonic="PWR">1</tcArgument>
        <tcArgument mnemonic="WDW">7</tcArgument>
        <tcArgument mnemonic="JPEGQ">100</tcArgument>
        <tcArgument mnemonic="SYNC">0</tcArgument>
        <tcArgument mnemonic="TEXPIMS">62800</tcArgument>
        <tcArgument mnemonic="TEXPMS">3000</tcArgument>
        <tcArgument mnemonic="GAIN">0</tcArgument>
        <tcArgument mnemonic="NFLUSH">1023</tcArgument>
        <tcArgument mnemonic="NRSKIP">0</tcArgument>
        <tcArgument mnemonic="NRBIN">1</tcArgument>
        <tcArgument mnemonic="NROW">511</tcArgument>
        <tcArgument mnemonic="NCSKIP">0</tcArgument>
        <tcArgument mnemonic="NCBIN">1</tcArgument>
        <tcArgument mnemonic="NCOL">2047</tcArgument>
        <tcArgument mnemonic="NCBINFPGA">0</tcArgument>
        <tcArgument mnemonic="SIGMODE">1</tcArgument>
      </tcArguments>
    </command>
    <command mnemonic="TC_pafCCD">
      <relativeTime>1222</relativeTime>
      <comment>FFEXP_3000, 2022-11-09 10:05:00, , pointing_altitude = 92500, ExpTime = 3000, Snapshot_Limb_Pointing_macro</comment>
      <tcArguments>
        <tcArgument mnemonic="CCDSEL">4</tcArgument>
        <tcArgument mnemonic="PWR">1</tcArgument>
        <tcArgument mnemonic="WDW">7</tcArgument>
        <tcArgument mnemonic="JPEGQ">100</tcArgument>
        <tcArgument mnemonic="SYNC">0</tcArgument>
        <tcArgument mnemonic="TEXPIMS">62800</tcArgument>
        <tcArgument mnemonic="TEXPMS">3000</tcArgument>
        <tcArgument mnemonic="GAIN">0</tcArgument>
        <tcArgument mnemonic="NFLUSH">1023</tcArgument>
        <tcArgument mnemonic="NRSKIP">0</tcArgument>
        <tcArgument mnemonic="NRBIN">1</tcArgument>
        <tcArgument mnemonic="NROW">511</tcArgument>
        <tcArgument mnemonic="NCSKIP">0</tcArgument>
        <tcArgument mnemonic="NCBIN">1</tcArgument>
        <tcArgument mnemonic="NCOL">2047</tcArgument>
        <tcArgument mnemonic="NCBINFPGA">0</tcArgument>
        <tcArgument mnemonic="SIGMODE">1</tcArgument>
      </tcArguments>
    </command>
    <command mnemonic="TC_pafCCD">
      <relativeTime>1224</relativeTime>
      <comment>FFEXP_3000, 2022-11-09 10:05:00, , pointing_altitude = 92500, ExpTime = 3000, Snapshot_Limb_Pointing_macro</comment>
      <tcArguments>
        <tcArgument mnemonic="CCDSEL">64</tcArgument>
        <tcArgument mnemonic="PWR">1</tcArgument>
        <tcArgument mnemonic="WDW">7</tcArgument>
        <tcArgument mnemonic="JPEGQ">100</tcArgument>
        <tcArgument mnemonic="SYNC">0</tcArgument>
        <tcArgument mnemonic="TEXPIMS">62800</tcArgument>
        <tcArgument mnemonic="TEXPMS">3000</tcArgument>
        <tcArgument mnemonic="GAIN">0</tcArgument>
        <tcArgument mnemonic="NFLUSH">1023</tcArgument>
        <tcArgument mnemonic="NRSKIP">0</tcArgument>
        <tcArgument mnemonic="NRBIN">1</tcArgument>
        <tcArgument mnemonic="NROW">511</tcArgument>
        <tcArgument mnemonic="NCSKIP">0</tcArgument>
        <tcArgument mnemonic="NCBIN">1</tcArgument>
        <tcArgument mnemonic="NCOL">2047</tcArgument>
        <tcArgument mnemonic="NCBINFPGA">0</tcArgument>
        <tcArgument mnemonic="SIGMODE">1</tcArgument>
      </tcArguments>
    </command>
    <command mnemonic="TC_pafCCDSNAPSHOT">
      <relativeTime>1226</relativeTime>
      <comment>FFEXP_3000, 2022-11-09 10:05:00, , pointing_altitude = 92500, ExpTime = 3000, Snapshot_Limb_Pointing_macro</comment>
      <tcArguments>
        <tcArgument mnemonic="CCDSEL">16</tcArgument>
      </tcArguments>
    </command>
    <command mnemonic="TC_pafCCDSNAPSHOT">
      <relativeTime>1236</relativeTime>
      <comment>FFEXP_3000, 2022-11-09 10:05:00, , pointing_altitude = 92500, ExpTime = 3000, Snapshot_Limb_Pointing_macro</comment>
      <tcArguments>
        <tcArgument mnemonic="CCDSEL">32</tcArgument>
      </tcArguments>
    </command>
    <command mnemonic="TC_pafCCDSNAPSHOT">
      <relativeTime>1246</relativeTime>
      <comment>FFEXP_3000, 2022-11-09 10:05:00, , pointing_altitude = 92500, ExpTime = 3000, Snapshot_Limb_Pointing_macro</comment>
      <tcArguments>
        <tcArgument mnemonic="CCDSEL">1</tcArgument>
      </tcArguments>
    </command>
    <command mnemonic="TC_pafCCDSNAPSHOT">
      <relativeTime>1256</relativeTime>
      <comment>FFEXP_3000, 2022-11-09 10:05:00, , pointing_altitude = 92500, ExpTime = 3000, Snapshot_Limb_Pointing_macro</comment>
      <tcArguments>
        <tcArgument mnemonic="CCDSEL">8</tcArgument>
      </tcArguments>
    </command>
    <command mnemonic="TC_pafCCDSNAPSHOT">
      <relativeTime>1266</relativeTime>
      <comment>FFEXP_3000, 2022-11-09 10:05:00, , pointing_altitude = 92500, ExpTime = 3000, Snapshot_Limb_Pointing_macro</comment>
      <tcArguments>
        <tcArgument mnemonic="CCDSEL">2</tcArgument>
      </tcArguments>
    </command>
    <command mnemonic="TC_pafCCDSNAPSHOT">
      <relativeTime>1276</relativeTime>
      <comment>FFEXP_3000, 2022-11-09 10:05:00, , pointing_altitude = 92500, ExpTime = 3000, Snapshot_Limb_Pointing_macro</comment>
      <tcArguments>
        <tcArgument mnemonic="CCDSEL">4</tcArgument>
      </tcArguments>
    </command>
    <command mnemonic="TC_pafMODE">
      <relativeTime>1296</relativeTime>
      <comment>FFEXP_3000, 2022-11-09 10:05:00, , pointing_altitude = 92500, ExpTime = 3000, NadirSnapshot_Limb_Pointing_macro</comment>
      <tcArguments>
        <tcArgument mnemonic="MODE">2</tcArgument>
      </tcArguments>
    </command>
    <command mnemonic="TC_pafCCD">
      <relativeTime>1303</relativeTime>
      <comment>FFEXP_3000, 2022-11-09 10:05:00, , pointing_altitude = 92500, ExpTime = 3000, NadirSnapshot_Limb_Pointing_macro</comment>
      <tcArguments>
        <tcArgument mnemonic="CCDSEL">64</tcArgument>
        <tcArgument mnemonic="PWR">1</tcArgument>
        <tcArgument mnemonic="WDW">7</tcArgument>
        <tcArgument mnemonic="JPEGQ">100</tcArgument>
        <tcArgument mnemonic="SYNC">0</tcArgument>
        <tcArgument mnemonic="TEXPIMS">62800</tcArgument>
        <tcArgument mnemonic="TEXPMS">3000</tcArgument>
        <tcArgument mnemonic="GAIN">0</tcArgument>
        <tcArgument mnemonic="NFLUSH">1023</tcArgument>
        <tcArgument mnemonic="NRSKIP">0</tcArgument>
        <tcArgument mnemonic="NRBIN">1</tcArgument>
        <tcArgument mnemonic="NROW">511</tcArgument>
        <tcArgument mnemonic="NCSKIP">0</tcArgument>
        <tcArgument mnemonic="NCBIN">1</tcArgument>
        <tcArgument mnemonic="NCOL">2047</tcArgument>
        <tcArgument mnemonic="NCBINFPGA">0</tcArgument>
        <tcArgument mnemonic="SIGMODE">1</tcArgument>
      </tcArguments>
    </command>
    <command mnemonic="TC_pafCCDSNAPSHOT">
      <relativeTime>1305</relativeTime>
      <comment>FFEXP_3000, 2022-11-09 10:05:00, , pointing_altitude = 92500, ExpTime = 3000, NadirSnapshot_Limb_Pointing_macro</comment>
      <tcArguments>
        <tcArgument mnemonic="CCDSEL">64</tcArgument>
      </tcArguments>
    </command>
    <command mnemonic="TC_pafMODE">
      <relativeTime>1307</relativeTime>
      <comment>FFEXP_3000, 2022-11-09 10:05:00, , pointing_altitude = 92500, ExpTime = 9000, Snapshot_Limb_Pointing_macro</comment>
      <tcArguments>
        <tcArgument mnemonic="MODE">2</tcArgument>
      </tcArguments>
    </command>
    <command mnemonic="TC_pafCCD">
      <relativeTime>1314</relativeTime>
      <comment>FFEXP_3000, 2022-11-09 10:05:00, , pointing_altitude = 92500, ExpTime = 9000, Snapshot_Limb_Pointing_macro</comment>
      <tcArguments>
        <tcArgument mnemonic="CCDSEL">16</tcArgument>
        <tcArgument mnemonic="PWR">1</tcArgument>
        <tcArgument mnemonic="WDW">7</tcArgument>
        <tcArgument mnemonic="JPEGQ">100</tcArgument>
        <tcArgument mnemonic="SYNC">0</tcArgument>
        <tcArgument mnemonic="TEXPIMS">62800</tcArgument>
        <tcArgument mnemonic="TEXPMS">9000</tcArgument>
        <tcArgument mnemonic="GAIN">0</tcArgument>
        <tcArgument mnemonic="NFLUSH">1023</tcArgument>
        <tcArgument mnemonic="NRSKIP">0</tcArgument>
        <tcArgument mnemonic="NRBIN">1</tcArgument>
        <tcArgument mnemonic="NROW">511</tcArgument>
        <tcArgument mnemonic="NCSKIP">0</tcArgument>
        <tcArgument mnemonic="NCBIN">1</tcArgument>
        <tcArgument mnemonic="NCOL">2047</tcArgument>
        <tcArgument mnemonic="NCBINFPGA">0</tcArgument>
        <tcArgument mnemonic="SIGMODE">1</tcArgument>
      </tcArguments>
    </command>
    <command mnemonic="TC_pafCCD">
      <relativeTime>1316</relativeTime>
      <comment>FFEXP_3000, 2022-11-09 10:05:00, , pointing_altitude = 92500, ExpTime = 9000, Snapshot_Limb_Pointing_macro</comment>
      <tcArguments>
        <tcArgument mnemonic="CCDSEL">32</tcArgument>
        <tcArgument mnemonic="PWR">1</tcArgument>
        <tcArgument mnemonic="WDW">7</tcArgument>
        <tcArgument mnemonic="JPEGQ">100</tcArgument>
        <tcArgument mnemonic="SYNC">0</tcArgument>
        <tcArgument mnemonic="TEXPIMS">62800</tcArgument>
        <tcArgument mnemonic="TEXPMS">9000</tcArgument>
        <tcArgument mnemonic="GAIN">0</tcArgument>
        <tcArgument mnemonic="NFLUSH">1023</tcArgument>
        <tcArgument mnemonic="NRSKIP">0</tcArgument>
        <tcArgument mnemonic="NRBIN">1</tcArgument>
        <tcArgument mnemonic="NROW">511</tcArgument>
        <tcArgument mnemonic="NCSKIP">0</tcArgument>
        <tcArgument mnemonic="NCBIN">1</tcArgument>
        <tcArgument mnemonic="NCOL">2047</tcArgument>
        <tcArgument mnemonic="NCBINFPGA">0</tcArgument>
        <tcArgument mnemonic="SIGMODE">1</tcArgument>
      </tcArguments>
    </command>
    <command mnemonic="TC_pafCCD">
      <relativeTime>1318</relativeTime>
      <comment>FFEXP_3000, 2022-11-09 10:05:00, , pointing_altitude = 92500, ExpTime = 9000, Snapshot_Limb_Pointing_macro</comment>
      <tcArguments>
        <tcArgument mnemonic="CCDSEL">1</tcArgument>
        <tcArgument mnemonic="PWR">1</tcArgument>
        <tcArgument mnemonic="WDW">7</tcArgument>
        <tcArgument mnemonic="JPEGQ">100</tcArgument>
        <tcArgument mnemonic="SYNC">0</tcArgument>
        <tcArgument mnemonic="TEXPIMS">62800</tcArgument>
        <tcArgument mnemonic="TEXPMS">9000</tcArgument>
        <tcArgument mnemonic="GAIN">0</tcArgument>
        <tcArgument mnemonic="NFLUSH">1023</tcArgument>
        <tcArgument mnemonic="NRSKIP">0</tcArgument>
        <tcArgument mnemonic="NRBIN">1</tcArgument>
        <tcArgument mnemonic="NROW">511</tcArgument>
        <tcArgument mnemonic="NCSKIP">0</tcArgument>
        <tcArgument mnemonic="NCBIN">1</tcArgument>
        <tcArgument mnemonic="NCOL">2047</tcArgument>
        <tcArgument mnemonic="NCBINFPGA">0</tcArgument>
        <tcArgument mnemonic="SIGMODE">1</tcArgument>
      </tcArguments>
    </command>
    <command mnemonic="TC_pafCCD">
      <relativeTime>1320</relativeTime>
      <comment>FFEXP_3000, 2022-11-09 10:05:00, , pointing_altitude = 92500, ExpTime = 9000, Snapshot_Limb_Pointing_macro</comment>
      <tcArguments>
        <tcArgument mnemonic="CCDSEL">8</tcArgument>
        <tcArgument mnemonic="PWR">1</tcArgument>
        <tcArgument mnemonic="WDW">7</tcArgument>
        <tcArgument mnemonic="JPEGQ">100</tcArgument>
        <tcArgument mnemonic="SYNC">0</tcArgument>
        <tcArgument mnemonic="TEXPIMS">62800</tcArgument>
        <tcArgument mnemonic="TEXPMS">9000</tcArgument>
        <tcArgument mnemonic="GAIN">0</tcArgument>
        <tcArgument mnemonic="NFLUSH">1023</tcArgument>
        <tcArgument mnemonic="NRSKIP">0</tcArgument>
        <tcArgument mnemonic="NRBIN">1</tcArgument>
        <tcArgument mnemonic="NROW">511</tcArgument>
        <tcArgument mnemonic="NCSKIP">0</tcArgument>
        <tcArgument mnemonic="NCBIN">1</tcArgument>
        <tcArgument mnemonic="NCOL">2047</tcArgument>
        <tcArgument mnemonic="NCBINFPGA">0</tcArgument>
        <tcArgument mnemonic="SIGMODE">1</tcArgument>
      </tcArguments>
    </command>
    <command mnemonic="TC_pafCCD">
      <relativeTime>1322</relativeTime>
      <comment>FFEXP_3000, 2022-11-09 10:05:00, , pointing_altitude = 92500, ExpTime = 9000, Snapshot_Limb_Pointing_macro</comment>
      <tcArguments>
        <tcArgument mnemonic="CCDSEL">2</tcArgument>
        <tcArgument mnemonic="PWR">1</tcArgument>
        <tcArgument mnemonic="WDW">7</tcArgument>
        <tcArgument mnemonic="JPEGQ">100</tcArgument>
        <tcArgument mnemonic="SYNC">0</tcArgument>
        <tcArgument mnemonic="TEXPIMS">62800</tcArgument>
        <tcArgument mnemonic="TEXPMS">9000</tcArgument>
        <tcArgument mnemonic="GAIN">0</tcArgument>
        <tcArgument mnemonic="NFLUSH">1023</tcArgument>
        <tcArgument mnemonic="NRSKIP">0</tcArgument>
        <tcArgument mnemonic="NRBIN">1</tcArgument>
        <tcArgument mnemonic="NROW">511</tcArgument>
        <tcArgument mnemonic="NCSKIP">0</tcArgument>
        <tcArgument mnemonic="NCBIN">1</tcArgument>
        <tcArgument mnemonic="NCOL">2047</tcArgument>
        <tcArgument mnemonic="NCBINFPGA">0</tcArgument>
        <tcArgument mnemonic="SIGMODE">1</tcArgument>
      </tcArguments>
    </command>
    <command mnemonic="TC_pafCCD">
      <relativeTime>1324</relativeTime>
      <comment>FFEXP_3000, 2022-11-09 10:05:00, , pointing_altitude = 92500, ExpTime = 9000, Snapshot_Limb_Pointing_macro</comment>
      <tcArguments>
        <tcArgument mnemonic="CCDSEL">4</tcArgument>
        <tcArgument mnemonic="PWR">1</tcArgument>
        <tcArgument mnemonic="WDW">7</tcArgument>
        <tcArgument mnemonic="JPEGQ">100</tcArgument>
        <tcArgument mnemonic="SYNC">0</tcArgument>
        <tcArgument mnemonic="TEXPIMS">62800</tcArgument>
        <tcArgument mnemonic="TEXPMS">9000</tcArgument>
        <tcArgument mnemonic="GAIN">0</tcArgument>
        <tcArgument mnemonic="NFLUSH">1023</tcArgument>
        <tcArgument mnemonic="NRSKIP">0</tcArgument>
        <tcArgument mnemonic="NRBIN">1</tcArgument>
        <tcArgument mnemonic="NROW">511</tcArgument>
        <tcArgument mnemonic="NCSKIP">0</tcArgument>
        <tcArgument mnemonic="NCBIN">1</tcArgument>
        <tcArgument mnemonic="NCOL">2047</tcArgument>
        <tcArgument mnemonic="NCBINFPGA">0</tcArgument>
        <tcArgument mnemonic="SIGMODE">1</tcArgument>
      </tcArguments>
    </command>
    <command mnemonic="TC_pafCCD">
      <relativeTime>1326</relativeTime>
      <comment>FFEXP_3000, 2022-11-09 10:05:00, , pointing_altitude = 92500, ExpTime = 9000, Snapshot_Limb_Pointing_macro</comment>
      <tcArguments>
        <tcArgument mnemonic="CCDSEL">64</tcArgument>
        <tcArgument mnemonic="PWR">1</tcArgument>
        <tcArgument mnemonic="WDW">7</tcArgument>
        <tcArgument mnemonic="JPEGQ">100</tcArgument>
        <tcArgument mnemonic="SYNC">0</tcArgument>
        <tcArgument mnemonic="TEXPIMS">62800</tcArgument>
        <tcArgument mnemonic="TEXPMS">9000</tcArgument>
        <tcArgument mnemonic="GAIN">0</tcArgument>
        <tcArgument mnemonic="NFLUSH">1023</tcArgument>
        <tcArgument mnemonic="NRSKIP">0</tcArgument>
        <tcArgument mnemonic="NRBIN">1</tcArgument>
        <tcArgument mnemonic="NROW">511</tcArgument>
        <tcArgument mnemonic="NCSKIP">0</tcArgument>
        <tcArgument mnemonic="NCBIN">1</tcArgument>
        <tcArgument mnemonic="NCOL">2047</tcArgument>
        <tcArgument mnemonic="NCBINFPGA">0</tcArgument>
        <tcArgument mnemonic="SIGMODE">1</tcArgument>
      </tcArguments>
    </command>
    <command mnemonic="TC_pafCCDSNAPSHOT">
      <relativeTime>1328</relativeTime>
      <comment>FFEXP_3000, 2022-11-09 10:05:00, , pointing_altitude = 92500, ExpTime = 9000, Snapshot_Limb_Pointing_macro</comment>
      <tcArguments>
        <tcArgument mnemonic="CCDSEL">16</tcArgument>
      </tcArguments>
    </command>
    <command mnemonic="TC_pafCCDSNAPSHOT">
      <relativeTime>1338</relativeTime>
      <comment>FFEXP_3000, 2022-11-09 10:05:00, , pointing_altitude = 92500, ExpTime = 9000, Snapshot_Limb_Pointing_macro</comment>
      <tcArguments>
        <tcArgument mnemonic="CCDSEL">32</tcArgument>
      </tcArguments>
    </command>
    <command mnemonic="TC_pafCCDSNAPSHOT">
      <relativeTime>1348</relativeTime>
      <comment>FFEXP_3000, 2022-11-09 10:05:00, , pointing_altitude = 92500, ExpTime = 9000, Snapshot_Limb_Pointing_macro</comment>
      <tcArguments>
        <tcArgument mnemonic="CCDSEL">1</tcArgument>
      </tcArguments>
    </command>
    <command mnemonic="TC_pafCCDSNAPSHOT">
      <relativeTime>1358</relativeTime>
      <comment>FFEXP_3000, 2022-11-09 10:05:00, , pointing_altitude = 92500, ExpTime = 9000, Snapshot_Limb_Pointing_macro</comment>
      <tcArguments>
        <tcArgument mnemonic="CCDSEL">8</tcArgument>
      </tcArguments>
    </command>
    <command mnemonic="TC_pafCCDSNAPSHOT">
      <relativeTime>1368</relativeTime>
      <comment>FFEXP_3000, 2022-11-09 10:05:00, , pointing_altitude = 92500, ExpTime = 9000, Snapshot_Limb_Pointing_macro</comment>
      <tcArguments>
        <tcArgument mnemonic="CCDSEL">2</tcArgument>
      </tcArguments>
    </command>
    <command mnemonic="TC_pafCCDSNAPSHOT">
      <relativeTime>1378</relativeTime>
      <comment>FFEXP_3000, 2022-11-09 10:05:00, , pointing_altitude = 92500, ExpTime = 9000, Snapshot_Limb_Pointing_macro</comment>
      <tcArguments>
        <tcArgument mnemonic="CCDSEL">4</tcArgument>
      </tcArguments>
    </command>
    <command mnemonic="TC_pafMODE">
      <relativeTime>1398</relativeTime>
      <comment>FFEXP_3000, 2022-11-09 10:05:00, , pointing_altitude = 92500, ExpTime = 9000, NadirSnapshot_Limb_Pointing_macro</comment>
      <tcArguments>
        <tcArgument mnemonic="MODE">2</tcArgument>
      </tcArguments>
    </command>
    <command mnemonic="TC_pafCCD">
      <relativeTime>1411</relativeTime>
      <comment>FFEXP_3000, 2022-11-09 10:05:00, , pointing_altitude = 92500, ExpTime = 9000, NadirSnapshot_Limb_Pointing_macro</comment>
      <tcArguments>
        <tcArgument mnemonic="CCDSEL">64</tcArgument>
        <tcArgument mnemonic="PWR">1</tcArgument>
        <tcArgument mnemonic="WDW">7</tcArgument>
        <tcArgument mnemonic="JPEGQ">100</tcArgument>
        <tcArgument mnemonic="SYNC">0</tcArgument>
        <tcArgument mnemonic="TEXPIMS">62800</tcArgument>
        <tcArgument mnemonic="TEXPMS">9000</tcArgument>
        <tcArgument mnemonic="GAIN">0</tcArgument>
        <tcArgument mnemonic="NFLUSH">1023</tcArgument>
        <tcArgument mnemonic="NRSKIP">0</tcArgument>
        <tcArgument mnemonic="NRBIN">1</tcArgument>
        <tcArgument mnemonic="NROW">511</tcArgument>
        <tcArgument mnemonic="NCSKIP">0</tcArgument>
        <tcArgument mnemonic="NCBIN">1</tcArgument>
        <tcArgument mnemonic="NCOL">2047</tcArgument>
        <tcArgument mnemonic="NCBINFPGA">0</tcArgument>
        <tcArgument mnemonic="SIGMODE">1</tcArgument>
      </tcArguments>
    </command>
    <command mnemonic="TC_pafCCDSNAPSHOT">
      <relativeTime>1413</relativeTime>
      <comment>FFEXP_3000, 2022-11-09 10:05:00, , pointing_altitude = 92500, ExpTime = 9000, NadirSnapshot_Limb_Pointing_macro</comment>
      <tcArguments>
        <tcArgument mnemonic="CCDSEL">64</tcArgument>
      </tcArguments>
    </command>
    <command mnemonic="TC_pafMODE">
      <relativeTime>3600</relativeTime>
      <comment>FFEXP_3000, 2022-11-09 10:45:00, , pointing_altitude = 92500, ExpTime = 3000, Snapshot_Limb_Pointing_macro</comment>
      <tcArguments>
        <tcArgument mnemonic="MODE">2</tcArgument>
      </tcArguments>
    </command>
    <command mnemonic="TC_pafCCD">
      <relativeTime>3613</relativeTime>
      <comment>FFEXP_3000, 2022-11-09 10:45:00, , pointing_altitude = 92500, ExpTime = 3000, Snapshot_Limb_Pointing_macro</comment>
      <tcArguments>
        <tcArgument mnemonic="CCDSEL">16</tcArgument>
        <tcArgument mnemonic="PWR">1</tcArgument>
        <tcArgument mnemonic="WDW">7</tcArgument>
        <tcArgument mnemonic="JPEGQ">100</tcArgument>
        <tcArgument mnemonic="SYNC">0</tcArgument>
        <tcArgument mnemonic="TEXPIMS">62800</tcArgument>
        <tcArgument mnemonic="TEXPMS">3000</tcArgument>
        <tcArgument mnemonic="GAIN">0</tcArgument>
        <tcArgument mnemonic="NFLUSH">1023</tcArgument>
        <tcArgument mnemonic="NRSKIP">0</tcArgument>
        <tcArgument mnemonic="NRBIN">1</tcArgument>
        <tcArgument mnemonic="NROW">511</tcArgument>
        <tcArgument mnemonic="NCSKIP">0</tcArgument>
        <tcArgument mnemonic="NCBIN">1</tcArgument>
        <tcArgument mnemonic="NCOL">2047</tcArgument>
        <tcArgument mnemonic="NCBINFPGA">0</tcArgument>
        <tcArgument mnemonic="SIGMODE">1</tcArgument>
      </tcArguments>
    </command>
    <command mnemonic="TC_pafCCD">
      <relativeTime>3615</relativeTime>
      <comment>FFEXP_3000, 2022-11-09 10:45:00, , pointing_altitude = 92500, ExpTime = 3000, Snapshot_Limb_Pointing_macro</comment>
      <tcArguments>
        <tcArgument mnemonic="CCDSEL">32</tcArgument>
        <tcArgument mnemonic="PWR">1</tcArgument>
        <tcArgument mnemonic="WDW">7</tcArgument>
        <tcArgument mnemonic="JPEGQ">100</tcArgument>
        <tcArgument mnemonic="SYNC">0</tcArgument>
        <tcArgument mnemonic="TEXPIMS">62800</tcArgument>
        <tcArgument mnemonic="TEXPMS">3000</tcArgument>
        <tcArgument mnemonic="GAIN">0</tcArgument>
        <tcArgument mnemonic="NFLUSH">1023</tcArgument>
        <tcArgument mnemonic="NRSKIP">0</tcArgument>
        <tcArgument mnemonic="NRBIN">1</tcArgument>
        <tcArgument mnemonic="NROW">511</tcArgument>
        <tcArgument mnemonic="NCSKIP">0</tcArgument>
        <tcArgument mnemonic="NCBIN">1</tcArgument>
        <tcArgument mnemonic="NCOL">2047</tcArgument>
        <tcArgument mnemonic="NCBINFPGA">0</tcArgument>
        <tcArgument mnemonic="SIGMODE">1</tcArgument>
      </tcArguments>
    </command>
    <command mnemonic="TC_pafCCD">
      <relativeTime>3617</relativeTime>
      <comment>FFEXP_3000, 2022-11-09 10:45:00, , pointing_altitude = 92500, ExpTime = 3000, Snapshot_Limb_Pointing_macro</comment>
      <tcArguments>
        <tcArgument mnemonic="CCDSEL">1</tcArgument>
        <tcArgument mnemonic="PWR">1</tcArgument>
        <tcArgument mnemonic="WDW">7</tcArgument>
        <tcArgument mnemonic="JPEGQ">100</tcArgument>
        <tcArgument mnemonic="SYNC">0</tcArgument>
        <tcArgument mnemonic="TEXPIMS">62800</tcArgument>
        <tcArgument mnemonic="TEXPMS">3000</tcArgument>
        <tcArgument mnemonic="GAIN">0</tcArgument>
        <tcArgument mnemonic="NFLUSH">1023</tcArgument>
        <tcArgument mnemonic="NRSKIP">0</tcArgument>
        <tcArgument mnemonic="NRBIN">1</tcArgument>
        <tcArgument mnemonic="NROW">511</tcArgument>
        <tcArgument mnemonic="NCSKIP">0</tcArgument>
        <tcArgument mnemonic="NCBIN">1</tcArgument>
        <tcArgument mnemonic="NCOL">2047</tcArgument>
        <tcArgument mnemonic="NCBINFPGA">0</tcArgument>
        <tcArgument mnemonic="SIGMODE">1</tcArgument>
      </tcArguments>
    </command>
    <command mnemonic="TC_pafCCD">
      <relativeTime>3619</relativeTime>
      <comment>FFEXP_3000, 2022-11-09 10:45:00, , pointing_altitude = 92500, ExpTime = 3000, Snapshot_Limb_Pointing_macro</comment>
      <tcArguments>
        <tcArgument mnemonic="CCDSEL">8</tcArgument>
        <tcArgument mnemonic="PWR">1</tcArgument>
        <tcArgument mnemonic="WDW">7</tcArgument>
        <tcArgument mnemonic="JPEGQ">100</tcArgument>
        <tcArgument mnemonic="SYNC">0</tcArgument>
        <tcArgument mnemonic="TEXPIMS">62800</tcArgument>
        <tcArgument mnemonic="TEXPMS">3000</tcArgument>
        <tcArgument mnemonic="GAIN">0</tcArgument>
        <tcArgument mnemonic="NFLUSH">1023</tcArgument>
        <tcArgument mnemonic="NRSKIP">0</tcArgument>
        <tcArgument mnemonic="NRBIN">1</tcArgument>
        <tcArgument mnemonic="NROW">511</tcArgument>
        <tcArgument mnemonic="NCSKIP">0</tcArgument>
        <tcArgument mnemonic="NCBIN">1</tcArgument>
        <tcArgument mnemonic="NCOL">2047</tcArgument>
        <tcArgument mnemonic="NCBINFPGA">0</tcArgument>
        <tcArgument mnemonic="SIGMODE">1</tcArgument>
      </tcArguments>
    </command>
    <command mnemonic="TC_pafCCD">
      <relativeTime>3621</relativeTime>
      <comment>FFEXP_3000, 2022-11-09 10:45:00, , pointing_altitude = 92500, ExpTime = 3000, Snapshot_Limb_Pointing_macro</comment>
      <tcArguments>
        <tcArgument mnemonic="CCDSEL">2</tcArgument>
        <tcArgument mnemonic="PWR">1</tcArgument>
        <tcArgument mnemonic="WDW">7</tcArgument>
        <tcArgument mnemonic="JPEGQ">100</tcArgument>
        <tcArgument mnemonic="SYNC">0</tcArgument>
        <tcArgument mnemonic="TEXPIMS">62800</tcArgument>
        <tcArgument mnemonic="TEXPMS">3000</tcArgument>
        <tcArgument mnemonic="GAIN">0</tcArgument>
        <tcArgument mnemonic="NFLUSH">1023</tcArgument>
        <tcArgument mnemonic="NRSKIP">0</tcArgument>
        <tcArgument mnemonic="NRBIN">1</tcArgument>
        <tcArgument mnemonic="NROW">511</tcArgument>
        <tcArgument mnemonic="NCSKIP">0</tcArgument>
        <tcArgument mnemonic="NCBIN">1</tcArgument>
        <tcArgument mnemonic="NCOL">2047</tcArgument>
        <tcArgument mnemonic="NCBINFPGA">0</tcArgument>
        <tcArgument mnemonic="SIGMODE">1</tcArgument>
      </tcArguments>
    </command>
    <command mnemonic="TC_pafCCD">
      <relativeTime>3623</relativeTime>
      <comment>FFEXP_3000, 2022-11-09 10:45:00, , pointing_altitude = 92500, ExpTime = 3000, Snapshot_Limb_Pointing_macro</comment>
      <tcArguments>
        <tcArgument mnemonic="CCDSEL">4</tcArgument>
        <tcArgument mnemonic="PWR">1</tcArgument>
        <tcArgument mnemonic="WDW">7</tcArgument>
        <tcArgument mnemonic="JPEGQ">100</tcArgument>
        <tcArgument mnemonic="SYNC">0</tcArgument>
        <tcArgument mnemonic="TEXPIMS">62800</tcArgument>
        <tcArgument mnemonic="TEXPMS">3000</tcArgument>
        <tcArgument mnemonic="GAIN">0</tcArgument>
        <tcArgument mnemonic="NFLUSH">1023</tcArgument>
        <tcArgument mnemonic="NRSKIP">0</tcArgument>
        <tcArgument mnemonic="NRBIN">1</tcArgument>
        <tcArgument mnemonic="NROW">511</tcArgument>
        <tcArgument mnemonic="NCSKIP">0</tcArgument>
        <tcArgument mnemonic="NCBIN">1</tcArgument>
        <tcArgument mnemonic="NCOL">2047</tcArgument>
        <tcArgument mnemonic="NCBINFPGA">0</tcArgument>
        <tcArgument mnemonic="SIGMODE">1</tcArgument>
      </tcArguments>
    </command>
    <command mnemonic="TC_pafCCD">
      <relativeTime>3625</relativeTime>
      <comment>FFEXP_3000, 2022-11-09 10:45:00, , pointing_altitude = 92500, ExpTime = 3000, Snapshot_Limb_Pointing_macro</comment>
      <tcArguments>
        <tcArgument mnemonic="CCDSEL">64</tcArgument>
        <tcArgument mnemonic="PWR">1</tcArgument>
        <tcArgument mnemonic="WDW">7</tcArgument>
        <tcArgument mnemonic="JPEGQ">100</tcArgument>
        <tcArgument mnemonic="SYNC">0</tcArgument>
        <tcArgument mnemonic="TEXPIMS">62800</tcArgument>
        <tcArgument mnemonic="TEXPMS">3000</tcArgument>
        <tcArgument mnemonic="GAIN">0</tcArgument>
        <tcArgument mnemonic="NFLUSH">1023</tcArgument>
        <tcArgument mnemonic="NRSKIP">0</tcArgument>
        <tcArgument mnemonic="NRBIN">1</tcArgument>
        <tcArgument mnemonic="NROW">511</tcArgument>
        <tcArgument mnemonic="NCSKIP">0</tcArgument>
        <tcArgument mnemonic="NCBIN">1</tcArgument>
        <tcArgument mnemonic="NCOL">2047</tcArgument>
        <tcArgument mnemonic="NCBINFPGA">0</tcArgument>
        <tcArgument mnemonic="SIGMODE">1</tcArgument>
      </tcArguments>
    </command>
    <command mnemonic="TC_pafCCDSNAPSHOT">
      <relativeTime>3627</relativeTime>
      <comment>FFEXP_3000, 2022-11-09 10:45:00, , pointing_altitude = 92500, ExpTime = 3000, Snapshot_Limb_Pointing_macro</comment>
      <tcArguments>
        <tcArgument mnemonic="CCDSEL">16</tcArgument>
      </tcArguments>
    </command>
    <command mnemonic="TC_pafCCDSNAPSHOT">
      <relativeTime>3637</relativeTime>
      <comment>FFEXP_3000, 2022-11-09 10:45:00, , pointing_altitude = 92500, ExpTime = 3000, Snapshot_Limb_Pointing_macro</comment>
      <tcArguments>
        <tcArgument mnemonic="CCDSEL">32</tcArgument>
      </tcArguments>
    </command>
    <command mnemonic="TC_pafCCDSNAPSHOT">
      <relativeTime>3647</relativeTime>
      <comment>FFEXP_3000, 2022-11-09 10:45:00, , pointing_altitude = 92500, ExpTime = 3000, Snapshot_Limb_Pointing_macro</comment>
      <tcArguments>
        <tcArgument mnemonic="CCDSEL">1</tcArgument>
      </tcArguments>
    </command>
    <command mnemonic="TC_pafCCDSNAPSHOT">
      <relativeTime>3657</relativeTime>
      <comment>FFEXP_3000, 2022-11-09 10:45:00, , pointing_altitude = 92500, ExpTime = 3000, Snapshot_Limb_Pointing_macro</comment>
      <tcArguments>
        <tcArgument mnemonic="CCDSEL">8</tcArgument>
      </tcArguments>
    </command>
    <command mnemonic="TC_pafCCDSNAPSHOT">
      <relativeTime>3667</relativeTime>
      <comment>FFEXP_3000, 2022-11-09 10:45:00, , pointing_altitude = 92500, ExpTime = 3000, Snapshot_Limb_Pointing_macro</comment>
      <tcArguments>
        <tcArgument mnemonic="CCDSEL">2</tcArgument>
      </tcArguments>
    </command>
    <command mnemonic="TC_pafCCDSNAPSHOT">
      <relativeTime>3677</relativeTime>
      <comment>FFEXP_3000, 2022-11-09 10:45:00, , pointing_altitude = 92500, ExpTime = 3000, Snapshot_Limb_Pointing_macro</comment>
      <tcArguments>
        <tcArgument mnemonic="CCDSEL">4</tcArgument>
      </tcArguments>
    </command>
    <command mnemonic="TC_pafMODE">
      <relativeTime>3697</relativeTime>
      <comment>FFEXP_3000, 2022-11-09 10:45:00, , pointing_altitude = 92500, ExpTime = 3000, NadirSnapshot_Limb_Pointing_macro</comment>
      <tcArguments>
        <tcArgument mnemonic="MODE">2</tcArgument>
      </tcArguments>
    </command>
    <command mnemonic="TC_pafCCD">
      <relativeTime>3704</relativeTime>
      <comment>FFEXP_3000, 2022-11-09 10:45:00, , pointing_altitude = 92500, ExpTime = 3000, NadirSnapshot_Limb_Pointing_macro</comment>
      <tcArguments>
        <tcArgument mnemonic="CCDSEL">64</tcArgument>
        <tcArgument mnemonic="PWR">1</tcArgument>
        <tcArgument mnemonic="WDW">7</tcArgument>
        <tcArgument mnemonic="JPEGQ">100</tcArgument>
        <tcArgument mnemonic="SYNC">0</tcArgument>
        <tcArgument mnemonic="TEXPIMS">62800</tcArgument>
        <tcArgument mnemonic="TEXPMS">3000</tcArgument>
        <tcArgument mnemonic="GAIN">0</tcArgument>
        <tcArgument mnemonic="NFLUSH">1023</tcArgument>
        <tcArgument mnemonic="NRSKIP">0</tcArgument>
        <tcArgument mnemonic="NRBIN">1</tcArgument>
        <tcArgument mnemonic="NROW">511</tcArgument>
        <tcArgument mnemonic="NCSKIP">0</tcArgument>
        <tcArgument mnemonic="NCBIN">1</tcArgument>
        <tcArgument mnemonic="NCOL">2047</tcArgument>
        <tcArgument mnemonic="NCBINFPGA">0</tcArgument>
        <tcArgument mnemonic="SIGMODE">1</tcArgument>
      </tcArguments>
    </command>
    <command mnemonic="TC_pafCCDSNAPSHOT">
      <relativeTime>3706</relativeTime>
      <comment>FFEXP_3000, 2022-11-09 10:45:00, , pointing_altitude = 92500, ExpTime = 3000, NadirSnapshot_Limb_Pointing_macro</comment>
      <tcArguments>
        <tcArgument mnemonic="CCDSEL">64</tcArgument>
      </tcArguments>
    </command>
    <command mnemonic="TC_pafMODE">
      <relativeTime>3708</relativeTime>
      <comment>FFEXP_3000, 2022-11-09 10:45:00, , pointing_altitude = 92500, ExpTime = 9000, Snapshot_Limb_Pointing_macro</comment>
      <tcArguments>
        <tcArgument mnemonic="MODE">2</tcArgument>
      </tcArguments>
    </command>
    <command mnemonic="TC_pafCCD">
      <relativeTime>3715</relativeTime>
      <comment>FFEXP_3000, 2022-11-09 10:45:00, , pointing_altitude = 92500, ExpTime = 9000, Snapshot_Limb_Pointing_macro</comment>
      <tcArguments>
        <tcArgument mnemonic="CCDSEL">16</tcArgument>
        <tcArgument mnemonic="PWR">1</tcArgument>
        <tcArgument mnemonic="WDW">7</tcArgument>
        <tcArgument mnemonic="JPEGQ">100</tcArgument>
        <tcArgument mnemonic="SYNC">0</tcArgument>
        <tcArgument mnemonic="TEXPIMS">62800</tcArgument>
        <tcArgument mnemonic="TEXPMS">9000</tcArgument>
        <tcArgument mnemonic="GAIN">0</tcArgument>
        <tcArgument mnemonic="NFLUSH">1023</tcArgument>
        <tcArgument mnemonic="NRSKIP">0</tcArgument>
        <tcArgument mnemonic="NRBIN">1</tcArgument>
        <tcArgument mnemonic="NROW">511</tcArgument>
        <tcArgument mnemonic="NCSKIP">0</tcArgument>
        <tcArgument mnemonic="NCBIN">1</tcArgument>
        <tcArgument mnemonic="NCOL">2047</tcArgument>
        <tcArgument mnemonic="NCBINFPGA">0</tcArgument>
        <tcArgument mnemonic="SIGMODE">1</tcArgument>
      </tcArguments>
    </command>
    <command mnemonic="TC_pafCCD">
      <relativeTime>3717</relativeTime>
      <comment>FFEXP_3000, 2022-11-09 10:45:00, , pointing_altitude = 92500, ExpTime = 9000, Snapshot_Limb_Pointing_macro</comment>
      <tcArguments>
        <tcArgument mnemonic="CCDSEL">32</tcArgument>
        <tcArgument mnemonic="PWR">1</tcArgument>
        <tcArgument mnemonic="WDW">7</tcArgument>
        <tcArgument mnemonic="JPEGQ">100</tcArgument>
        <tcArgument mnemonic="SYNC">0</tcArgument>
        <tcArgument mnemonic="TEXPIMS">62800</tcArgument>
        <tcArgument mnemonic="TEXPMS">9000</tcArgument>
        <tcArgument mnemonic="GAIN">0</tcArgument>
        <tcArgument mnemonic="NFLUSH">1023</tcArgument>
        <tcArgument mnemonic="NRSKIP">0</tcArgument>
        <tcArgument mnemonic="NRBIN">1</tcArgument>
        <tcArgument mnemonic="NROW">511</tcArgument>
        <tcArgument mnemonic="NCSKIP">0</tcArgument>
        <tcArgument mnemonic="NCBIN">1</tcArgument>
        <tcArgument mnemonic="NCOL">2047</tcArgument>
        <tcArgument mnemonic="NCBINFPGA">0</tcArgument>
        <tcArgument mnemonic="SIGMODE">1</tcArgument>
      </tcArguments>
    </command>
    <command mnemonic="TC_pafCCD">
      <relativeTime>3719</relativeTime>
      <comment>FFEXP_3000, 2022-11-09 10:45:00, , pointing_altitude = 92500, ExpTime = 9000, Snapshot_Limb_Pointing_macro</comment>
      <tcArguments>
        <tcArgument mnemonic="CCDSEL">1</tcArgument>
        <tcArgument mnemonic="PWR">1</tcArgument>
        <tcArgument mnemonic="WDW">7</tcArgument>
        <tcArgument mnemonic="JPEGQ">100</tcArgument>
        <tcArgument mnemonic="SYNC">0</tcArgument>
        <tcArgument mnemonic="TEXPIMS">62800</tcArgument>
        <tcArgument mnemonic="TEXPMS">9000</tcArgument>
        <tcArgument mnemonic="GAIN">0</tcArgument>
        <tcArgument mnemonic="NFLUSH">1023</tcArgument>
        <tcArgument mnemonic="NRSKIP">0</tcArgument>
        <tcArgument mnemonic="NRBIN">1</tcArgument>
        <tcArgument mnemonic="NROW">511</tcArgument>
        <tcArgument mnemonic="NCSKIP">0</tcArgument>
        <tcArgument mnemonic="NCBIN">1</tcArgument>
        <tcArgument mnemonic="NCOL">2047</tcArgument>
        <tcArgument mnemonic="NCBINFPGA">0</tcArgument>
        <tcArgument mnemonic="SIGMODE">1</tcArgument>
      </tcArguments>
    </command>
    <command mnemonic="TC_pafCCD">
      <relativeTime>3721</relativeTime>
      <comment>FFEXP_3000, 2022-11-09 10:45:00, , pointing_altitude = 92500, ExpTime = 9000, Snapshot_Limb_Pointing_macro</comment>
      <tcArguments>
        <tcArgument mnemonic="CCDSEL">8</tcArgument>
        <tcArgument mnemonic="PWR">1</tcArgument>
        <tcArgument mnemonic="WDW">7</tcArgument>
        <tcArgument mnemonic="JPEGQ">100</tcArgument>
        <tcArgument mnemonic="SYNC">0</tcArgument>
        <tcArgument mnemonic="TEXPIMS">62800</tcArgument>
        <tcArgument mnemonic="TEXPMS">9000</tcArgument>
        <tcArgument mnemonic="GAIN">0</tcArgument>
        <tcArgument mnemonic="NFLUSH">1023</tcArgument>
        <tcArgument mnemonic="NRSKIP">0</tcArgument>
        <tcArgument mnemonic="NRBIN">1</tcArgument>
        <tcArgument mnemonic="NROW">511</tcArgument>
        <tcArgument mnemonic="NCSKIP">0</tcArgument>
        <tcArgument mnemonic="NCBIN">1</tcArgument>
        <tcArgument mnemonic="NCOL">2047</tcArgument>
        <tcArgument mnemonic="NCBINFPGA">0</tcArgument>
        <tcArgument mnemonic="SIGMODE">1</tcArgument>
      </tcArguments>
    </command>
    <command mnemonic="TC_pafCCD">
      <relativeTime>3723</relativeTime>
      <comment>FFEXP_3000, 2022-11-09 10:45:00, , pointing_altitude = 92500, ExpTime = 9000, Snapshot_Limb_Pointing_macro</comment>
      <tcArguments>
        <tcArgument mnemonic="CCDSEL">2</tcArgument>
        <tcArgument mnemonic="PWR">1</tcArgument>
        <tcArgument mnemonic="WDW">7</tcArgument>
        <tcArgument mnemonic="JPEGQ">100</tcArgument>
        <tcArgument mnemonic="SYNC">0</tcArgument>
        <tcArgument mnemonic="TEXPIMS">62800</tcArgument>
        <tcArgument mnemonic="TEXPMS">9000</tcArgument>
        <tcArgument mnemonic="GAIN">0</tcArgument>
        <tcArgument mnemonic="NFLUSH">1023</tcArgument>
        <tcArgument mnemonic="NRSKIP">0</tcArgument>
        <tcArgument mnemonic="NRBIN">1</tcArgument>
        <tcArgument mnemonic="NROW">511</tcArgument>
        <tcArgument mnemonic="NCSKIP">0</tcArgument>
        <tcArgument mnemonic="NCBIN">1</tcArgument>
        <tcArgument mnemonic="NCOL">2047</tcArgument>
        <tcArgument mnemonic="NCBINFPGA">0</tcArgument>
        <tcArgument mnemonic="SIGMODE">1</tcArgument>
      </tcArguments>
    </command>
    <command mnemonic="TC_pafCCD">
      <relativeTime>3725</relativeTime>
      <comment>FFEXP_3000, 2022-11-09 10:45:00, , pointing_altitude = 92500, ExpTime = 9000, Snapshot_Limb_Pointing_macro</comment>
      <tcArguments>
        <tcArgument mnemonic="CCDSEL">4</tcArgument>
        <tcArgument mnemonic="PWR">1</tcArgument>
        <tcArgument mnemonic="WDW">7</tcArgument>
        <tcArgument mnemonic="JPEGQ">100</tcArgument>
        <tcArgument mnemonic="SYNC">0</tcArgument>
        <tcArgument mnemonic="TEXPIMS">62800</tcArgument>
        <tcArgument mnemonic="TEXPMS">9000</tcArgument>
        <tcArgument mnemonic="GAIN">0</tcArgument>
        <tcArgument mnemonic="NFLUSH">1023</tcArgument>
        <tcArgument mnemonic="NRSKIP">0</tcArgument>
        <tcArgument mnemonic="NRBIN">1</tcArgument>
        <tcArgument mnemonic="NROW">511</tcArgument>
        <tcArgument mnemonic="NCSKIP">0</tcArgument>
        <tcArgument mnemonic="NCBIN">1</tcArgument>
        <tcArgument mnemonic="NCOL">2047</tcArgument>
        <tcArgument mnemonic="NCBINFPGA">0</tcArgument>
        <tcArgument mnemonic="SIGMODE">1</tcArgument>
      </tcArguments>
    </command>
    <command mnemonic="TC_pafCCD">
      <relativeTime>3727</relativeTime>
      <comment>FFEXP_3000, 2022-11-09 10:45:00, , pointing_altitude = 92500, ExpTime = 9000, Snapshot_Limb_Pointing_macro</comment>
      <tcArguments>
        <tcArgument mnemonic="CCDSEL">64</tcArgument>
        <tcArgument mnemonic="PWR">1</tcArgument>
        <tcArgument mnemonic="WDW">7</tcArgument>
        <tcArgument mnemonic="JPEGQ">100</tcArgument>
        <tcArgument mnemonic="SYNC">0</tcArgument>
        <tcArgument mnemonic="TEXPIMS">62800</tcArgument>
        <tcArgument mnemonic="TEXPMS">9000</tcArgument>
        <tcArgument mnemonic="GAIN">0</tcArgument>
        <tcArgument mnemonic="NFLUSH">1023</tcArgument>
        <tcArgument mnemonic="NRSKIP">0</tcArgument>
        <tcArgument mnemonic="NRBIN">1</tcArgument>
        <tcArgument mnemonic="NROW">511</tcArgument>
        <tcArgument mnemonic="NCSKIP">0</tcArgument>
        <tcArgument mnemonic="NCBIN">1</tcArgument>
        <tcArgument mnemonic="NCOL">2047</tcArgument>
        <tcArgument mnemonic="NCBINFPGA">0</tcArgument>
        <tcArgument mnemonic="SIGMODE">1</tcArgument>
      </tcArguments>
    </command>
    <command mnemonic="TC_pafCCDSNAPSHOT">
      <relativeTime>3729</relativeTime>
      <comment>FFEXP_3000, 2022-11-09 10:45:00, , pointing_altitude = 92500, ExpTime = 9000, Snapshot_Limb_Pointing_macro</comment>
      <tcArguments>
        <tcArgument mnemonic="CCDSEL">16</tcArgument>
      </tcArguments>
    </command>
    <command mnemonic="TC_pafCCDSNAPSHOT">
      <relativeTime>3739</relativeTime>
      <comment>FFEXP_3000, 2022-11-09 10:45:00, , pointing_altitude = 92500, ExpTime = 9000, Snapshot_Limb_Pointing_macro</comment>
      <tcArguments>
        <tcArgument mnemonic="CCDSEL">32</tcArgument>
      </tcArguments>
    </command>
    <command mnemonic="TC_pafCCDSNAPSHOT">
      <relativeTime>3749</relativeTime>
      <comment>FFEXP_3000, 2022-11-09 10:45:00, , pointing_altitude = 92500, ExpTime = 9000, Snapshot_Limb_Pointing_macro</comment>
      <tcArguments>
        <tcArgument mnemonic="CCDSEL">1</tcArgument>
      </tcArguments>
    </command>
    <command mnemonic="TC_pafCCDSNAPSHOT">
      <relativeTime>3759</relativeTime>
      <comment>FFEXP_3000, 2022-11-09 10:45:00, , pointing_altitude = 92500, ExpTime = 9000, Snapshot_Limb_Pointing_macro</comment>
      <tcArguments>
        <tcArgument mnemonic="CCDSEL">8</tcArgument>
      </tcArguments>
    </command>
    <command mnemonic="TC_pafCCDSNAPSHOT">
      <relativeTime>3769</relativeTime>
      <comment>FFEXP_3000, 2022-11-09 10:45:00, , pointing_altitude = 92500, ExpTime = 9000, Snapshot_Limb_Pointing_macro</comment>
      <tcArguments>
        <tcArgument mnemonic="CCDSEL">2</tcArgument>
      </tcArguments>
    </command>
    <command mnemonic="TC_pafCCDSNAPSHOT">
      <relativeTime>3779</relativeTime>
      <comment>FFEXP_3000, 2022-11-09 10:45:00, , pointing_altitude = 92500, ExpTime = 9000, Snapshot_Limb_Pointing_macro</comment>
      <tcArguments>
        <tcArgument mnemonic="CCDSEL">4</tcArgument>
      </tcArguments>
    </command>
    <command mnemonic="TC_pafMODE">
      <relativeTime>3799</relativeTime>
      <comment>FFEXP_3000, 2022-11-09 10:45:00, , pointing_altitude = 92500, ExpTime = 9000, NadirSnapshot_Limb_Pointing_macro</comment>
      <tcArguments>
        <tcArgument mnemonic="MODE">2</tcArgument>
      </tcArguments>
    </command>
    <command mnemonic="TC_pafCCD">
      <relativeTime>3812</relativeTime>
      <comment>FFEXP_3000, 2022-11-09 10:45:00, , pointing_altitude = 92500, ExpTime = 9000, NadirSnapshot_Limb_Pointing_macro</comment>
      <tcArguments>
        <tcArgument mnemonic="CCDSEL">64</tcArgument>
        <tcArgument mnemonic="PWR">1</tcArgument>
        <tcArgument mnemonic="WDW">7</tcArgument>
        <tcArgument mnemonic="JPEGQ">100</tcArgument>
        <tcArgument mnemonic="SYNC">0</tcArgument>
        <tcArgument mnemonic="TEXPIMS">62800</tcArgument>
        <tcArgument mnemonic="TEXPMS">9000</tcArgument>
        <tcArgument mnemonic="GAIN">0</tcArgument>
        <tcArgument mnemonic="NFLUSH">1023</tcArgument>
        <tcArgument mnemonic="NRSKIP">0</tcArgument>
        <tcArgument mnemonic="NRBIN">1</tcArgument>
        <tcArgument mnemonic="NROW">511</tcArgument>
        <tcArgument mnemonic="NCSKIP">0</tcArgument>
        <tcArgument mnemonic="NCBIN">1</tcArgument>
        <tcArgument mnemonic="NCOL">2047</tcArgument>
        <tcArgument mnemonic="NCBINFPGA">0</tcArgument>
        <tcArgument mnemonic="SIGMODE">1</tcArgument>
      </tcArguments>
    </command>
    <command mnemonic="TC_pafCCDSNAPSHOT">
      <relativeTime>3814</relativeTime>
      <comment>FFEXP_3000, 2022-11-09 10:45:00, , pointing_altitude = 92500, ExpTime = 9000, NadirSnapshot_Limb_Pointing_macro</comment>
      <tcArguments>
        <tcArgument mnemonic="CCDSEL">64</tcArgument>
      </tcArguments>
    </command>
  </listOfCommands>
</InnoSatTimeline>
