<InnoSatTimeline originator="OHB" sdbVersion="9.5.99.2">
  <description>
    <timelineID procedureIdentifier="3030" descriptiveName="202211092022110301TOP5" version="01"/>
    <changeLog>
      <changeLogItem version="01" date="2022-11-03" author="OMC">The file was created using OPT</changeLogItem>
    </changeLog>
    <validity>
      <startingDate>2022-11-09T13:00:00</startingDate>
      <scenarioDuration>7200</scenarioDuration>
    </validity>
    <comment>This command sequence is an Innosat timeline for MATS created with OPT. Science Mode Timeline used to generate: data/early_harvest/Science_Mode_Timeline_3030_22110922110301TOP5.json, Configuration File used: data/early_harvest/configfile_3030_OP5.json</comment>
  </description>
  <listOfCommands>
    <procedure id="FCP-MTS-0035_Payload_Power_Toggle">
      <relativeTime>0</relativeTime>
      <comment>Payload_Power_Toggle, 2022/11/9 13:00:00</comment>
      <parameters/>
    </procedure>
    <command mnemonic="TC_acfArgEnableYawComp">
      <relativeTime>45</relativeTime>
      <comment>2022/11/9 13:00:45</comment>
      <tcArguments>
        <tcArgument mnemonic="EnableYawComp">0</tcArgument>
      </tcArguments>
    </command>
    <command mnemonic="TC_pafCCDFlushBadColumns">
      <relativeTime>90</relativeTime>
      <comment>2022/11/9 13:01:30</comment>
      <tcArguments>
        <tcArgument mnemonic="CCDSEL">127</tcArgument>
      </tcArguments>
    </command>
    <command mnemonic="TC_pafCCDBadColumn">
      <relativeTime>135</relativeTime>
      <comment>2022/11/9 13:02:15</comment>
      <tcArguments>
        <tcArgument mnemonic="CCDSEL">1</tcArgument>
        <tcArgument mnemonic="NBC">0</tcArgument>
      </tcArguments>
    </command>
    <command mnemonic="TC_pafCCDBIAS">
      <relativeTime>180</relativeTime>
      <comment>2022/11/9 13:03:00</comment>
      <tcArguments>
        <tcArgument mnemonic="CCDSEL">127</tcArgument>
        <tcArgument mnemonic="VGATE">0</tcArgument>
        <tcArgument mnemonic="VSUBST">128</tcArgument>
        <tcArgument mnemonic="VRD">126</tcArgument>
        <tcArgument mnemonic="VOD">100</tcArgument>
      </tcArguments>
    </command>
    <command mnemonic="TC_pafPM">
      <relativeTime>225</relativeTime>
      <comment>2022/11/9 13:03:45</comment>
      <tcArguments>
        <tcArgument mnemonic="TEXPMS">1500</tcArgument>
        <tcArgument mnemonic="TEXPIMS">2000</tcArgument>
      </tcArguments>
    </command>
    <command mnemonic="TC_pafCCD">
      <relativeTime>270</relativeTime>
      <comment>TurnONCCDs, 2022/11/9 13:04:30</comment>
      <tcArguments>
        <tcArgument mnemonic="CCDSEL">127</tcArgument>
        <tcArgument mnemonic="PWR">1</tcArgument>
        <tcArgument mnemonic="WDW">7</tcArgument>
        <tcArgument mnemonic="JPEGQ">100</tcArgument>
        <tcArgument mnemonic="SYNC">0</tcArgument>
        <tcArgument mnemonic="TEXPIMS">6000</tcArgument>
        <tcArgument mnemonic="TEXPMS">0</tcArgument>
        <tcArgument mnemonic="GAIN">0</tcArgument>
        <tcArgument mnemonic="NFLUSH">1023</tcArgument>
        <tcArgument mnemonic="NRSKIP">0</tcArgument>
        <tcArgument mnemonic="NRBIN">1</tcArgument>
        <tcArgument mnemonic="NROW">1</tcArgument>
        <tcArgument mnemonic="NCSKIP">0</tcArgument>
        <tcArgument mnemonic="NCBIN">1</tcArgument>
        <tcArgument mnemonic="NCOL">1</tcArgument>
        <tcArgument mnemonic="NCBINFPGA">0</tcArgument>
        <tcArgument mnemonic="SIGMODE">1</tcArgument>
      </tcArguments>
    </command>
    <command mnemonic="TC_pafMODE">
      <relativeTime>315</relativeTime>
      <comment>Mode5 starting date: 2022/11/9 13:05:15, {'lat': 45, 'log_timestep': 800, 'timestep': 8, 'Choose_Mode5CCDMacro': 'CustomBinning'}, Operational_Limb_Pointing_macro</comment>
      <tcArguments>
        <tcArgument mnemonic="MODE">2</tcArgument>
      </tcArguments>
    </command>
    <command mnemonic="TC_acfLimbPointingAltitudeOffset">
      <relativeTime>317</relativeTime>
      <comment>Mode5 starting date: 2022/11/9 13:05:15, {'lat': 45, 'log_timestep': 800, 'timestep': 8, 'Choose_Mode5CCDMacro': 'CustomBinning'}, Operational_Limb_Pointing_macro</comment>
      <tcArguments>
        <tcArgument mnemonic="Initial">92500</tcArgument>
        <tcArgument mnemonic="Final">92500</tcArgument>
        <tcArgument mnemonic="Rate">0</tcArgument>
      </tcArguments>
    </command>
    <command mnemonic="TC_pafPM">
      <relativeTime>417</relativeTime>
      <comment>Mode5 starting date: 2022/11/9 13:05:15, {'lat': 45, 'log_timestep': 800, 'timestep': 8, 'Choose_Mode5CCDMacro': 'CustomBinning'}, Operational_Limb_Pointing_macro</comment>
      <tcArguments>
        <tcArgument mnemonic="TEXPMS">1500</tcArgument>
        <tcArgument mnemonic="TEXPIMS">2000</tcArgument>
      </tcArguments>
    </command>
    <command mnemonic="TC_pafCCD">
      <relativeTime>419</relativeTime>
      <comment>Mode5 starting date: 2022/11/9 13:05:15, {'lat': 45, 'log_timestep': 800, 'timestep': 8, 'Choose_Mode5CCDMacro': 'CustomBinning'}, Operational_Limb_Pointing_macro</comment>
      <tcArguments>
        <tcArgument mnemonic="CCDSEL">16</tcArgument>
        <tcArgument mnemonic="PWR">1</tcArgument>
        <tcArgument mnemonic="WDW">4</tcArgument>
        <tcArgument mnemonic="JPEGQ">90</tcArgument>
        <tcArgument mnemonic="SYNC">0</tcArgument>
        <tcArgument mnemonic="TEXPIMS">5500</tcArgument>
        <tcArgument mnemonic="TEXPMS">3000</tcArgument>
        <tcArgument mnemonic="GAIN">0</tcArgument>
        <tcArgument mnemonic="NFLUSH">1023</tcArgument>
        <tcArgument mnemonic="NRSKIP">0</tcArgument>
        <tcArgument mnemonic="NRBIN">2</tcArgument>
        <tcArgument mnemonic="NROW">255</tcArgument>
        <tcArgument mnemonic="NCSKIP">0</tcArgument>
        <tcArgument mnemonic="NCBIN">40</tcArgument>
        <tcArgument mnemonic="NCOL">50</tcArgument>
        <tcArgument mnemonic="NCBINFPGA">0</tcArgument>
        <tcArgument mnemonic="SIGMODE">1</tcArgument>
      </tcArguments>
    </command>
    <command mnemonic="TC_pafCCD">
      <relativeTime>421</relativeTime>
      <comment>Mode5 starting date: 2022/11/9 13:05:15, {'lat': 45, 'log_timestep': 800, 'timestep': 8, 'Choose_Mode5CCDMacro': 'CustomBinning'}, Operational_Limb_Pointing_macro</comment>
      <tcArguments>
        <tcArgument mnemonic="CCDSEL">32</tcArgument>
        <tcArgument mnemonic="PWR">1</tcArgument>
        <tcArgument mnemonic="WDW">4</tcArgument>
        <tcArgument mnemonic="JPEGQ">90</tcArgument>
        <tcArgument mnemonic="SYNC">0</tcArgument>
        <tcArgument mnemonic="TEXPIMS">5500</tcArgument>
        <tcArgument mnemonic="TEXPMS">3000</tcArgument>
        <tcArgument mnemonic="GAIN">0</tcArgument>
        <tcArgument mnemonic="NFLUSH">1023</tcArgument>
        <tcArgument mnemonic="NRSKIP">0</tcArgument>
        <tcArgument mnemonic="NRBIN">2</tcArgument>
        <tcArgument mnemonic="NROW">255</tcArgument>
        <tcArgument mnemonic="NCSKIP">0</tcArgument>
        <tcArgument mnemonic="NCBIN">40</tcArgument>
        <tcArgument mnemonic="NCOL">50</tcArgument>
        <tcArgument mnemonic="NCBINFPGA">0</tcArgument>
        <tcArgument mnemonic="SIGMODE">1</tcArgument>
      </tcArguments>
    </command>
    <command mnemonic="TC_pafCCD">
      <relativeTime>423</relativeTime>
      <comment>Mode5 starting date: 2022/11/9 13:05:15, {'lat': 45, 'log_timestep': 800, 'timestep': 8, 'Choose_Mode5CCDMacro': 'CustomBinning'}, Operational_Limb_Pointing_macro</comment>
      <tcArguments>
        <tcArgument mnemonic="CCDSEL">1</tcArgument>
        <tcArgument mnemonic="PWR">1</tcArgument>
        <tcArgument mnemonic="WDW">4</tcArgument>
        <tcArgument mnemonic="JPEGQ">90</tcArgument>
        <tcArgument mnemonic="SYNC">0</tcArgument>
        <tcArgument mnemonic="TEXPIMS">5500</tcArgument>
        <tcArgument mnemonic="TEXPMS">5000</tcArgument>
        <tcArgument mnemonic="GAIN">0</tcArgument>
        <tcArgument mnemonic="NFLUSH">1023</tcArgument>
        <tcArgument mnemonic="NRSKIP">0</tcArgument>
        <tcArgument mnemonic="NRBIN">3</tcArgument>
        <tcArgument mnemonic="NROW">170</tcArgument>
        <tcArgument mnemonic="NCSKIP">0</tcArgument>
        <tcArgument mnemonic="NCBIN">80</tcArgument>
        <tcArgument mnemonic="NCOL">24</tcArgument>
        <tcArgument mnemonic="NCBINFPGA">0</tcArgument>
        <tcArgument mnemonic="SIGMODE">1</tcArgument>
      </tcArguments>
    </command>
    <command mnemonic="TC_pafCCD">
      <relativeTime>425</relativeTime>
      <comment>Mode5 starting date: 2022/11/9 13:05:15, {'lat': 45, 'log_timestep': 800, 'timestep': 8, 'Choose_Mode5CCDMacro': 'CustomBinning'}, Operational_Limb_Pointing_macro</comment>
      <tcArguments>
        <tcArgument mnemonic="CCDSEL">8</tcArgument>
        <tcArgument mnemonic="PWR">1</tcArgument>
        <tcArgument mnemonic="WDW">4</tcArgument>
        <tcArgument mnemonic="JPEGQ">90</tcArgument>
        <tcArgument mnemonic="SYNC">0</tcArgument>
        <tcArgument mnemonic="TEXPIMS">5500</tcArgument>
        <tcArgument mnemonic="TEXPMS">5000</tcArgument>
        <tcArgument mnemonic="GAIN">0</tcArgument>
        <tcArgument mnemonic="NFLUSH">1023</tcArgument>
        <tcArgument mnemonic="NRSKIP">0</tcArgument>
        <tcArgument mnemonic="NRBIN">3</tcArgument>
        <tcArgument mnemonic="NROW">170</tcArgument>
        <tcArgument mnemonic="NCSKIP">0</tcArgument>
        <tcArgument mnemonic="NCBIN">80</tcArgument>
        <tcArgument mnemonic="NCOL">24</tcArgument>
        <tcArgument mnemonic="NCBINFPGA">0</tcArgument>
        <tcArgument mnemonic="SIGMODE">1</tcArgument>
      </tcArguments>
    </command>
    <command mnemonic="TC_pafCCD">
      <relativeTime>427</relativeTime>
      <comment>Mode5 starting date: 2022/11/9 13:05:15, {'lat': 45, 'log_timestep': 800, 'timestep': 8, 'Choose_Mode5CCDMacro': 'CustomBinning'}, Operational_Limb_Pointing_macro</comment>
      <tcArguments>
        <tcArgument mnemonic="CCDSEL">2</tcArgument>
        <tcArgument mnemonic="PWR">1</tcArgument>
        <tcArgument mnemonic="WDW">4</tcArgument>
        <tcArgument mnemonic="JPEGQ">90</tcArgument>
        <tcArgument mnemonic="SYNC">0</tcArgument>
        <tcArgument mnemonic="TEXPIMS">5500</tcArgument>
        <tcArgument mnemonic="TEXPMS">5000</tcArgument>
        <tcArgument mnemonic="GAIN">0</tcArgument>
        <tcArgument mnemonic="NFLUSH">1023</tcArgument>
        <tcArgument mnemonic="NRSKIP">0</tcArgument>
        <tcArgument mnemonic="NRBIN">6</tcArgument>
        <tcArgument mnemonic="NROW">85</tcArgument>
        <tcArgument mnemonic="NCSKIP">0</tcArgument>
        <tcArgument mnemonic="NCBIN">200</tcArgument>
        <tcArgument mnemonic="NCOL">8</tcArgument>
        <tcArgument mnemonic="NCBINFPGA">0</tcArgument>
        <tcArgument mnemonic="SIGMODE">1</tcArgument>
      </tcArguments>
    </command>
    <command mnemonic="TC_pafCCD">
      <relativeTime>429</relativeTime>
      <comment>Mode5 starting date: 2022/11/9 13:05:15, {'lat': 45, 'log_timestep': 800, 'timestep': 8, 'Choose_Mode5CCDMacro': 'CustomBinning'}, Operational_Limb_Pointing_macro</comment>
      <tcArguments>
        <tcArgument mnemonic="CCDSEL">4</tcArgument>
        <tcArgument mnemonic="PWR">1</tcArgument>
        <tcArgument mnemonic="WDW">4</tcArgument>
        <tcArgument mnemonic="JPEGQ">90</tcArgument>
        <tcArgument mnemonic="SYNC">0</tcArgument>
        <tcArgument mnemonic="TEXPIMS">5500</tcArgument>
        <tcArgument mnemonic="TEXPMS">5000</tcArgument>
        <tcArgument mnemonic="GAIN">0</tcArgument>
        <tcArgument mnemonic="NFLUSH">1023</tcArgument>
        <tcArgument mnemonic="NRSKIP">0</tcArgument>
        <tcArgument mnemonic="NRBIN">6</tcArgument>
        <tcArgument mnemonic="NROW">85</tcArgument>
        <tcArgument mnemonic="NCSKIP">0</tcArgument>
        <tcArgument mnemonic="NCBIN">200</tcArgument>
        <tcArgument mnemonic="NCOL">8</tcArgument>
        <tcArgument mnemonic="NCBINFPGA">0</tcArgument>
        <tcArgument mnemonic="SIGMODE">1</tcArgument>
      </tcArguments>
    </command>
    <command mnemonic="TC_pafCCD">
      <relativeTime>431</relativeTime>
      <comment>Mode5 starting date: 2022/11/9 13:05:15, {'lat': 45, 'log_timestep': 800, 'timestep': 8, 'Choose_Mode5CCDMacro': 'CustomBinning'}, Operational_Limb_Pointing_macro</comment>
      <tcArguments>
        <tcArgument mnemonic="CCDSEL">64</tcArgument>
        <tcArgument mnemonic="PWR">1</tcArgument>
        <tcArgument mnemonic="WDW">4</tcArgument>
        <tcArgument mnemonic="JPEGQ">90</tcArgument>
        <tcArgument mnemonic="SYNC">0</tcArgument>
        <tcArgument mnemonic="TEXPIMS">2000</tcArgument>
        <tcArgument mnemonic="TEXPMS">1500</tcArgument>
        <tcArgument mnemonic="GAIN">0</tcArgument>
        <tcArgument mnemonic="NFLUSH">1023</tcArgument>
        <tcArgument mnemonic="NRSKIP">0</tcArgument>
        <tcArgument mnemonic="NRBIN">50</tcArgument>
        <tcArgument mnemonic="NROW">8</tcArgument>
        <tcArgument mnemonic="NCSKIP">0</tcArgument>
        <tcArgument mnemonic="NCBIN">50</tcArgument>
        <tcArgument mnemonic="NCOL">32</tcArgument>
        <tcArgument mnemonic="NCBINFPGA">0</tcArgument>
        <tcArgument mnemonic="SIGMODE">1</tcArgument>
      </tcArguments>
    </command>
    <command mnemonic="TC_pafCCDSYNCHRONIZE">
      <relativeTime>433</relativeTime>
      <comment>Mode5 starting date: 2022/11/9 13:05:15, {'lat': 45, 'log_timestep': 800, 'timestep': 8, 'Choose_Mode5CCDMacro': 'CustomBinning'}, Operational_Limb_Pointing_macro</comment>
      <tcArguments>
        <tcArgument mnemonic="CCDSEL">63</tcArgument>
        <tcArgument mnemonic="NCCD">6</tcArgument>
        <tcArgument mnemonic="TEXPIOFS">0</tcArgument>
        <tcArgument mnemonic="TEXPIOFS">790</tcArgument>
        <tcArgument mnemonic="TEXPIOFS">1060</tcArgument>
        <tcArgument mnemonic="TEXPIOFS">400</tcArgument>
        <tcArgument mnemonic="TEXPIOFS">0</tcArgument>
        <tcArgument mnemonic="TEXPIOFS">540</tcArgument>
      </tcArguments>
    </command>
    <command mnemonic="TC_pafMODE">
      <relativeTime>455</relativeTime>
      <comment>Mode5 starting date: 2022/11/9 13:05:15, {'lat': 45, 'log_timestep': 800, 'timestep': 8, 'Choose_Mode5CCDMacro': 'CustomBinning'}, Operational_Limb_Pointing_macro</comment>
      <tcArguments>
        <tcArgument mnemonic="MODE">1</tcArgument>
      </tcArguments>
    </command>
  </listOfCommands>
</InnoSatTimeline>
