<InnoSatTimeline originator="OHB" sdbVersion="9.5.99.2">
  <description>
    <timelineID procedureIdentifier="3000" descriptiveName="202211092022110301FFEXP" version="01"/>
    <changeLog>
      <changeLogItem version="01" date="2022-11-03" author="OMC">The file was created using OPT</changeLogItem>
    </changeLog>
    <validity>
      <startingDate>2022-11-09T07:00:00</startingDate>
      <scenarioDuration>7200</scenarioDuration>
    </validity>
    <comment>This command sequence is an Innosat timeline for MATS created with OPT. Science Mode Timeline used to generate: data/early_harvest/Science_Mode_Timeline_3000_22110922110301TFFEXP.json, Configuration File used: data/early_harvest/configfile_3000_FFEXP.json</comment>
  </description>
  <listOfCommands>
    <procedure id="FCP-MTS-0035_Payload_Power_Toggle">
      <relativeTime>0</relativeTime>
      <comment>Payload_Power_Toggle, 2022/11/9 07:00:00</comment>
      <parameters/>
    </procedure>
    <command mnemonic="TC_acfArgEnableYawComp">
      <relativeTime>45</relativeTime>
      <comment>2022/11/9 07:00:45</comment>
      <tcArguments>
        <tcArgument mnemonic="EnableYawComp">0</tcArgument>
      </tcArguments>
    </command>
    <command mnemonic="TC_pafCCDFlushBadColumns">
      <relativeTime>90</relativeTime>
      <comment>2022/11/9 07:01:30</comment>
      <tcArguments>
        <tcArgument mnemonic="CCDSEL">127</tcArgument>
      </tcArguments>
    </command>
    <command mnemonic="TC_pafCCDBadColumn">
      <relativeTime>135</relativeTime>
      <comment>2022/11/9 07:02:15</comment>
      <tcArguments>
        <tcArgument mnemonic="CCDSEL">1</tcArgument>
        <tcArgument mnemonic="NBC">0</tcArgument>
      </tcArguments>
    </command>
    <command mnemonic="TC_pafCCDBIAS">
      <relativeTime>180</relativeTime>
      <comment>2022/11/9 07:03:00</comment>
      <tcArguments>
        <tcArgument mnemonic="CCDSEL">127</tcArgument>
        <tcArgument mnemonic="VGATE">0</tcArgument>
        <tcArgument mnemonic="VSUBST">128</tcArgument>
        <tcArgument mnemonic="VRD">126</tcArgument>
        <tcArgument mnemonic="VOD">100</tcArgument>
      </tcArguments>
    </command>
    <command mnemonic="TC_pafPM">
      <relativeTime>225</relativeTime>
      <comment>2022/11/9 07:03:45</comment>
      <tcArguments>
        <tcArgument mnemonic="TEXPMS">1500</tcArgument>
        <tcArgument mnemonic="TEXPIMS">2000</tcArgument>
      </tcArguments>
    </command>
    <command mnemonic="TC_pafCCD">
      <relativeTime>270</relativeTime>
      <comment>TurnONCCDs, 2022/11/9 07:04:30</comment>
      <tcArguments>
        <tcArgument mnemonic="CCDSEL">127</tcArgument>
        <tcArgument mnemonic="PWR">1</tcArgument>
        <tcArgument mnemonic="WDW">7</tcArgument>
        <tcArgument mnemonic="JPEGQ">100</tcArgument>
        <tcArgument mnemonic="SYNC">0</tcArgument>
        <tcArgument mnemonic="TEXPIMS">6000</tcArgument>
        <tcArgument mnemonic="TEXPMS">0</tcArgument>
        <tcArgument mnemonic="GAIN">0</tcArgument>
        <tcArgument mnemonic="NFLUSH">1023</tcArgument>
        <tcArgument mnemonic="NRSKIP">0</tcArgument>
        <tcArgument mnemonic="NRBIN">1</tcArgument>
        <tcArgument mnemonic="NROW">1</tcArgument>
        <tcArgument mnemonic="NCSKIP">0</tcArgument>
        <tcArgument mnemonic="NCBIN">1</tcArgument>
        <tcArgument mnemonic="NCOL">1</tcArgument>
        <tcArgument mnemonic="NCBINFPGA">0</tcArgument>
        <tcArgument mnemonic="SIGMODE">1</tcArgument>
      </tcArguments>
    </command>
    <command mnemonic="TC_pafMODE">
      <relativeTime>1200</relativeTime>
      <comment>FFEXP_3000, 2022-11-09 07:20:00, , pointing_altitude = 92500, ExpTime = 3000, Snapshot_Limb_Pointing_macro</comment>
      <tcArguments>
        <tcArgument mnemonic="MODE">2</tcArgument>
      </tcArguments>
    </command>
    <command mnemonic="TC_acfLimbPointingAltitudeOffset">
      <relativeTime>1202</relativeTime>
      <comment>FFEXP_3000, 2022-11-09 07:20:00, , pointing_altitude = 92500, ExpTime = 3000, Snapshot_Limb_Pointing_macro</comment>
      <tcArguments>
        <tcArgument mnemonic="Initial">92500</tcArgument>
        <tcArgument mnemonic="Final">92500</tcArgument>
        <tcArgument mnemonic="Rate">0</tcArgument>
      </tcArguments>
    </command>
    <command mnemonic="TC_pafCCD">
      <relativeTime>1302</relativeTime>
      <comment>FFEXP_3000, 2022-11-09 07:20:00, , pointing_altitude = 92500, ExpTime = 3000, Snapshot_Limb_Pointing_macro</comment>
      <tcArguments>
        <tcArgument mnemonic="CCDSEL">16</tcArgument>
        <tcArgument mnemonic="PWR">1</tcArgument>
        <tcArgument mnemonic="WDW">7</tcArgument>
        <tcArgument mnemonic="JPEGQ">100</tcArgument>
        <tcArgument mnemonic="SYNC">0</tcArgument>
        <tcArgument mnemonic="TEXPIMS">62800</tcArgument>
        <tcArgument mnemonic="TEXPMS">3000</tcArgument>
        <tcArgument mnemonic="GAIN">0</tcArgument>
        <tcArgument mnemonic="NFLUSH">1023</tcArgument>
        <tcArgument mnemonic="NRSKIP">0</tcArgument>
        <tcArgument mnemonic="NRBIN">1</tcArgument>
        <tcArgument mnemonic="NROW">511</tcArgument>
        <tcArgument mnemonic="NCSKIP">0</tcArgument>
        <tcArgument mnemonic="NCBIN">1</tcArgument>
        <tcArgument mnemonic="NCOL">2047</tcArgument>
        <tcArgument mnemonic="NCBINFPGA">0</tcArgument>
        <tcArgument mnemonic="SIGMODE">1</tcArgument>
      </tcArguments>
    </command>
    <command mnemonic="TC_pafCCD">
      <relativeTime>1304</relativeTime>
      <comment>FFEXP_3000, 2022-11-09 07:20:00, , pointing_altitude = 92500, ExpTime = 3000, Snapshot_Limb_Pointing_macro</comment>
      <tcArguments>
        <tcArgument mnemonic="CCDSEL">32</tcArgument>
        <tcArgument mnemonic="PWR">1</tcArgument>
        <tcArgument mnemonic="WDW">7</tcArgument>
        <tcArgument mnemonic="JPEGQ">100</tcArgument>
        <tcArgument mnemonic="SYNC">0</tcArgument>
        <tcArgument mnemonic="TEXPIMS">62800</tcArgument>
        <tcArgument mnemonic="TEXPMS">3000</tcArgument>
        <tcArgument mnemonic="GAIN">0</tcArgument>
        <tcArgument mnemonic="NFLUSH">1023</tcArgument>
        <tcArgument mnemonic="NRSKIP">0</tcArgument>
        <tcArgument mnemonic="NRBIN">1</tcArgument>
        <tcArgument mnemonic="NROW">511</tcArgument>
        <tcArgument mnemonic="NCSKIP">0</tcArgument>
        <tcArgument mnemonic="NCBIN">1</tcArgument>
        <tcArgument mnemonic="NCOL">2047</tcArgument>
        <tcArgument mnemonic="NCBINFPGA">0</tcArgument>
        <tcArgument mnemonic="SIGMODE">1</tcArgument>
      </tcArguments>
    </command>
    <command mnemonic="TC_pafCCD">
      <relativeTime>1306</relativeTime>
      <comment>FFEXP_3000, 2022-11-09 07:20:00, , pointing_altitude = 92500, ExpTime = 3000, Snapshot_Limb_Pointing_macro</comment>
      <tcArguments>
        <tcArgument mnemonic="CCDSEL">1</tcArgument>
        <tcArgument mnemonic="PWR">1</tcArgument>
        <tcArgument mnemonic="WDW">7</tcArgument>
        <tcArgument mnemonic="JPEGQ">100</tcArgument>
        <tcArgument mnemonic="SYNC">0</tcArgument>
        <tcArgument mnemonic="TEXPIMS">62800</tcArgument>
        <tcArgument mnemonic="TEXPMS">3000</tcArgument>
        <tcArgument mnemonic="GAIN">0</tcArgument>
        <tcArgument mnemonic="NFLUSH">1023</tcArgument>
        <tcArgument mnemonic="NRSKIP">0</tcArgument>
        <tcArgument mnemonic="NRBIN">1</tcArgument>
        <tcArgument mnemonic="NROW">511</tcArgument>
        <tcArgument mnemonic="NCSKIP">0</tcArgument>
        <tcArgument mnemonic="NCBIN">1</tcArgument>
        <tcArgument mnemonic="NCOL">2047</tcArgument>
        <tcArgument mnemonic="NCBINFPGA">0</tcArgument>
        <tcArgument mnemonic="SIGMODE">1</tcArgument>
      </tcArguments>
    </command>
    <command mnemonic="TC_pafCCD">
      <relativeTime>1308</relativeTime>
      <comment>FFEXP_3000, 2022-11-09 07:20:00, , pointing_altitude = 92500, ExpTime = 3000, Snapshot_Limb_Pointing_macro</comment>
      <tcArguments>
        <tcArgument mnemonic="CCDSEL">8</tcArgument>
        <tcArgument mnemonic="PWR">1</tcArgument>
        <tcArgument mnemonic="WDW">7</tcArgument>
        <tcArgument mnemonic="JPEGQ">100</tcArgument>
        <tcArgument mnemonic="SYNC">0</tcArgument>
        <tcArgument mnemonic="TEXPIMS">62800</tcArgument>
        <tcArgument mnemonic="TEXPMS">3000</tcArgument>
        <tcArgument mnemonic="GAIN">0</tcArgument>
        <tcArgument mnemonic="NFLUSH">1023</tcArgument>
        <tcArgument mnemonic="NRSKIP">0</tcArgument>
        <tcArgument mnemonic="NRBIN">1</tcArgument>
        <tcArgument mnemonic="NROW">511</tcArgument>
        <tcArgument mnemonic="NCSKIP">0</tcArgument>
        <tcArgument mnemonic="NCBIN">1</tcArgument>
        <tcArgument mnemonic="NCOL">2047</tcArgument>
        <tcArgument mnemonic="NCBINFPGA">0</tcArgument>
        <tcArgument mnemonic="SIGMODE">1</tcArgument>
      </tcArguments>
    </command>
    <command mnemonic="TC_pafCCD">
      <relativeTime>1310</relativeTime>
      <comment>FFEXP_3000, 2022-11-09 07:20:00, , pointing_altitude = 92500, ExpTime = 3000, Snapshot_Limb_Pointing_macro</comment>
      <tcArguments>
        <tcArgument mnemonic="CCDSEL">2</tcArgument>
        <tcArgument mnemonic="PWR">1</tcArgument>
        <tcArgument mnemonic="WDW">7</tcArgument>
        <tcArgument mnemonic="JPEGQ">100</tcArgument>
        <tcArgument mnemonic="SYNC">0</tcArgument>
        <tcArgument mnemonic="TEXPIMS">62800</tcArgument>
        <tcArgument mnemonic="TEXPMS">3000</tcArgument>
        <tcArgument mnemonic="GAIN">0</tcArgument>
        <tcArgument mnemonic="NFLUSH">1023</tcArgument>
        <tcArgument mnemonic="NRSKIP">0</tcArgument>
        <tcArgument mnemonic="NRBIN">1</tcArgument>
        <tcArgument mnemonic="NROW">511</tcArgument>
        <tcArgument mnemonic="NCSKIP">0</tcArgument>
        <tcArgument mnemonic="NCBIN">1</tcArgument>
        <tcArgument mnemonic="NCOL">2047</tcArgument>
        <tcArgument mnemonic="NCBINFPGA">0</tcArgument>
        <tcArgument mnemonic="SIGMODE">1</tcArgument>
      </tcArguments>
    </command>
    <command mnemonic="TC_pafCCD">
      <relativeTime>1312</relativeTime>
      <comment>FFEXP_3000, 2022-11-09 07:20:00, , pointing_altitude = 92500, ExpTime = 3000, Snapshot_Limb_Pointing_macro</comment>
      <tcArguments>
        <tcArgument mnemonic="CCDSEL">4</tcArgument>
        <tcArgument mnemonic="PWR">1</tcArgument>
        <tcArgument mnemonic="WDW">7</tcArgument>
        <tcArgument mnemonic="JPEGQ">100</tcArgument>
        <tcArgument mnemonic="SYNC">0</tcArgument>
        <tcArgument mnemonic="TEXPIMS">62800</tcArgument>
        <tcArgument mnemonic="TEXPMS">3000</tcArgument>
        <tcArgument mnemonic="GAIN">0</tcArgument>
        <tcArgument mnemonic="NFLUSH">1023</tcArgument>
        <tcArgument mnemonic="NRSKIP">0</tcArgument>
        <tcArgument mnemonic="NRBIN">1</tcArgument>
        <tcArgument mnemonic="NROW">511</tcArgument>
        <tcArgument mnemonic="NCSKIP">0</tcArgument>
        <tcArgument mnemonic="NCBIN">1</tcArgument>
        <tcArgument mnemonic="NCOL">2047</tcArgument>
        <tcArgument mnemonic="NCBINFPGA">0</tcArgument>
        <tcArgument mnemonic="SIGMODE">1</tcArgument>
      </tcArguments>
    </command>
    <command mnemonic="TC_pafCCD">
      <relativeTime>1314</relativeTime>
      <comment>FFEXP_3000, 2022-11-09 07:20:00, , pointing_altitude = 92500, ExpTime = 3000, Snapshot_Limb_Pointing_macro</comment>
      <tcArguments>
        <tcArgument mnemonic="CCDSEL">64</tcArgument>
        <tcArgument mnemonic="PWR">1</tcArgument>
        <tcArgument mnemonic="WDW">7</tcArgument>
        <tcArgument mnemonic="JPEGQ">100</tcArgument>
        <tcArgument mnemonic="SYNC">0</tcArgument>
        <tcArgument mnemonic="TEXPIMS">62800</tcArgument>
        <tcArgument mnemonic="TEXPMS">3000</tcArgument>
        <tcArgument mnemonic="GAIN">0</tcArgument>
        <tcArgument mnemonic="NFLUSH">1023</tcArgument>
        <tcArgument mnemonic="NRSKIP">0</tcArgument>
        <tcArgument mnemonic="NRBIN">1</tcArgument>
        <tcArgument mnemonic="NROW">511</tcArgument>
        <tcArgument mnemonic="NCSKIP">0</tcArgument>
        <tcArgument mnemonic="NCBIN">1</tcArgument>
        <tcArgument mnemonic="NCOL">2047</tcArgument>
        <tcArgument mnemonic="NCBINFPGA">0</tcArgument>
        <tcArgument mnemonic="SIGMODE">1</tcArgument>
      </tcArguments>
    </command>
    <command mnemonic="TC_pafCCDSNAPSHOT">
      <relativeTime>1316</relativeTime>
      <comment>FFEXP_3000, 2022-11-09 07:20:00, , pointing_altitude = 92500, ExpTime = 3000, Snapshot_Limb_Pointing_macro</comment>
      <tcArguments>
        <tcArgument mnemonic="CCDSEL">16</tcArgument>
      </tcArguments>
    </command>
    <command mnemonic="TC_pafCCDSNAPSHOT">
      <relativeTime>1326</relativeTime>
      <comment>FFEXP_3000, 2022-11-09 07:20:00, , pointing_altitude = 92500, ExpTime = 3000, Snapshot_Limb_Pointing_macro</comment>
      <tcArguments>
        <tcArgument mnemonic="CCDSEL">32</tcArgument>
      </tcArguments>
    </command>
    <command mnemonic="TC_pafCCDSNAPSHOT">
      <relativeTime>1336</relativeTime>
      <comment>FFEXP_3000, 2022-11-09 07:20:00, , pointing_altitude = 92500, ExpTime = 3000, Snapshot_Limb_Pointing_macro</comment>
      <tcArguments>
        <tcArgument mnemonic="CCDSEL">1</tcArgument>
      </tcArguments>
    </command>
    <command mnemonic="TC_pafCCDSNAPSHOT">
      <relativeTime>1346</relativeTime>
      <comment>FFEXP_3000, 2022-11-09 07:20:00, , pointing_altitude = 92500, ExpTime = 3000, Snapshot_Limb_Pointing_macro</comment>
      <tcArguments>
        <tcArgument mnemonic="CCDSEL">8</tcArgument>
      </tcArguments>
    </command>
    <command mnemonic="TC_pafCCDSNAPSHOT">
      <relativeTime>1356</relativeTime>
      <comment>FFEXP_3000, 2022-11-09 07:20:00, , pointing_altitude = 92500, ExpTime = 3000, Snapshot_Limb_Pointing_macro</comment>
      <tcArguments>
        <tcArgument mnemonic="CCDSEL">2</tcArgument>
      </tcArguments>
    </command>
    <command mnemonic="TC_pafCCDSNAPSHOT">
      <relativeTime>1366</relativeTime>
      <comment>FFEXP_3000, 2022-11-09 07:20:00, , pointing_altitude = 92500, ExpTime = 3000, Snapshot_Limb_Pointing_macro</comment>
      <tcArguments>
        <tcArgument mnemonic="CCDSEL">4</tcArgument>
      </tcArguments>
    </command>
    <command mnemonic="TC_pafMODE">
      <relativeTime>1386</relativeTime>
      <comment>FFEXP_3000, 2022-11-09 07:20:00, , pointing_altitude = 92500, ExpTime = 3000, NadirSnapshot_Limb_Pointing_macro</comment>
      <tcArguments>
        <tcArgument mnemonic="MODE">2</tcArgument>
      </tcArguments>
    </command>
    <command mnemonic="TC_acfLimbPointingAltitudeOffset">
      <relativeTime>1388</relativeTime>
      <comment>FFEXP_3000, 2022-11-09 07:20:00, , pointing_altitude = 92500, ExpTime = 3000, NadirSnapshot_Limb_Pointing_macro</comment>
      <tcArguments>
        <tcArgument mnemonic="Initial">92500</tcArgument>
        <tcArgument mnemonic="Final">92500</tcArgument>
        <tcArgument mnemonic="Rate">0</tcArgument>
      </tcArguments>
    </command>
    <command mnemonic="TC_pafCCD">
      <relativeTime>1393</relativeTime>
      <comment>FFEXP_3000, 2022-11-09 07:20:00, , pointing_altitude = 92500, ExpTime = 3000, NadirSnapshot_Limb_Pointing_macro</comment>
      <tcArguments>
        <tcArgument mnemonic="CCDSEL">64</tcArgument>
        <tcArgument mnemonic="PWR">1</tcArgument>
        <tcArgument mnemonic="WDW">7</tcArgument>
        <tcArgument mnemonic="JPEGQ">100</tcArgument>
        <tcArgument mnemonic="SYNC">0</tcArgument>
        <tcArgument mnemonic="TEXPIMS">62800</tcArgument>
        <tcArgument mnemonic="TEXPMS">3000</tcArgument>
        <tcArgument mnemonic="GAIN">0</tcArgument>
        <tcArgument mnemonic="NFLUSH">1023</tcArgument>
        <tcArgument mnemonic="NRSKIP">0</tcArgument>
        <tcArgument mnemonic="NRBIN">1</tcArgument>
        <tcArgument mnemonic="NROW">511</tcArgument>
        <tcArgument mnemonic="NCSKIP">0</tcArgument>
        <tcArgument mnemonic="NCBIN">1</tcArgument>
        <tcArgument mnemonic="NCOL">2047</tcArgument>
        <tcArgument mnemonic="NCBINFPGA">0</tcArgument>
        <tcArgument mnemonic="SIGMODE">1</tcArgument>
      </tcArguments>
    </command>
    <command mnemonic="TC_pafCCDSNAPSHOT">
      <relativeTime>1395</relativeTime>
      <comment>FFEXP_3000, 2022-11-09 07:20:00, , pointing_altitude = 92500, ExpTime = 3000, NadirSnapshot_Limb_Pointing_macro</comment>
      <tcArguments>
        <tcArgument mnemonic="CCDSEL">64</tcArgument>
      </tcArguments>
    </command>
    <command mnemonic="TC_pafMODE">
      <relativeTime>1397</relativeTime>
      <comment>FFEXP_3000, 2022-11-09 07:20:00, , pointing_altitude = 92500, ExpTime = 6000, Snapshot_Limb_Pointing_macro</comment>
      <tcArguments>
        <tcArgument mnemonic="MODE">2</tcArgument>
      </tcArguments>
    </command>
    <command mnemonic="TC_acfLimbPointingAltitudeOffset">
      <relativeTime>1399</relativeTime>
      <comment>FFEXP_3000, 2022-11-09 07:20:00, , pointing_altitude = 92500, ExpTime = 6000, Snapshot_Limb_Pointing_macro</comment>
      <tcArguments>
        <tcArgument mnemonic="Initial">92500</tcArgument>
        <tcArgument mnemonic="Final">92500</tcArgument>
        <tcArgument mnemonic="Rate">0</tcArgument>
      </tcArguments>
    </command>
    <command mnemonic="TC_pafCCD">
      <relativeTime>1404</relativeTime>
      <comment>FFEXP_3000, 2022-11-09 07:20:00, , pointing_altitude = 92500, ExpTime = 6000, Snapshot_Limb_Pointing_macro</comment>
      <tcArguments>
        <tcArgument mnemonic="CCDSEL">16</tcArgument>
        <tcArgument mnemonic="PWR">1</tcArgument>
        <tcArgument mnemonic="WDW">7</tcArgument>
        <tcArgument mnemonic="JPEGQ">100</tcArgument>
        <tcArgument mnemonic="SYNC">0</tcArgument>
        <tcArgument mnemonic="TEXPIMS">62800</tcArgument>
        <tcArgument mnemonic="TEXPMS">6000</tcArgument>
        <tcArgument mnemonic="GAIN">0</tcArgument>
        <tcArgument mnemonic="NFLUSH">1023</tcArgument>
        <tcArgument mnemonic="NRSKIP">0</tcArgument>
        <tcArgument mnemonic="NRBIN">1</tcArgument>
        <tcArgument mnemonic="NROW">511</tcArgument>
        <tcArgument mnemonic="NCSKIP">0</tcArgument>
        <tcArgument mnemonic="NCBIN">1</tcArgument>
        <tcArgument mnemonic="NCOL">2047</tcArgument>
        <tcArgument mnemonic="NCBINFPGA">0</tcArgument>
        <tcArgument mnemonic="SIGMODE">1</tcArgument>
      </tcArguments>
    </command>
    <command mnemonic="TC_pafCCD">
      <relativeTime>1406</relativeTime>
      <comment>FFEXP_3000, 2022-11-09 07:20:00, , pointing_altitude = 92500, ExpTime = 6000, Snapshot_Limb_Pointing_macro</comment>
      <tcArguments>
        <tcArgument mnemonic="CCDSEL">32</tcArgument>
        <tcArgument mnemonic="PWR">1</tcArgument>
        <tcArgument mnemonic="WDW">7</tcArgument>
        <tcArgument mnemonic="JPEGQ">100</tcArgument>
        <tcArgument mnemonic="SYNC">0</tcArgument>
        <tcArgument mnemonic="TEXPIMS">62800</tcArgument>
        <tcArgument mnemonic="TEXPMS">6000</tcArgument>
        <tcArgument mnemonic="GAIN">0</tcArgument>
        <tcArgument mnemonic="NFLUSH">1023</tcArgument>
        <tcArgument mnemonic="NRSKIP">0</tcArgument>
        <tcArgument mnemonic="NRBIN">1</tcArgument>
        <tcArgument mnemonic="NROW">511</tcArgument>
        <tcArgument mnemonic="NCSKIP">0</tcArgument>
        <tcArgument mnemonic="NCBIN">1</tcArgument>
        <tcArgument mnemonic="NCOL">2047</tcArgument>
        <tcArgument mnemonic="NCBINFPGA">0</tcArgument>
        <tcArgument mnemonic="SIGMODE">1</tcArgument>
      </tcArguments>
    </command>
    <command mnemonic="TC_pafCCD">
      <relativeTime>1408</relativeTime>
      <comment>FFEXP_3000, 2022-11-09 07:20:00, , pointing_altitude = 92500, ExpTime = 6000, Snapshot_Limb_Pointing_macro</comment>
      <tcArguments>
        <tcArgument mnemonic="CCDSEL">1</tcArgument>
        <tcArgument mnemonic="PWR">1</tcArgument>
        <tcArgument mnemonic="WDW">7</tcArgument>
        <tcArgument mnemonic="JPEGQ">100</tcArgument>
        <tcArgument mnemonic="SYNC">0</tcArgument>
        <tcArgument mnemonic="TEXPIMS">62800</tcArgument>
        <tcArgument mnemonic="TEXPMS">6000</tcArgument>
        <tcArgument mnemonic="GAIN">0</tcArgument>
        <tcArgument mnemonic="NFLUSH">1023</tcArgument>
        <tcArgument mnemonic="NRSKIP">0</tcArgument>
        <tcArgument mnemonic="NRBIN">1</tcArgument>
        <tcArgument mnemonic="NROW">511</tcArgument>
        <tcArgument mnemonic="NCSKIP">0</tcArgument>
        <tcArgument mnemonic="NCBIN">1</tcArgument>
        <tcArgument mnemonic="NCOL">2047</tcArgument>
        <tcArgument mnemonic="NCBINFPGA">0</tcArgument>
        <tcArgument mnemonic="SIGMODE">1</tcArgument>
      </tcArguments>
    </command>
    <command mnemonic="TC_pafCCD">
      <relativeTime>1410</relativeTime>
      <comment>FFEXP_3000, 2022-11-09 07:20:00, , pointing_altitude = 92500, ExpTime = 6000, Snapshot_Limb_Pointing_macro</comment>
      <tcArguments>
        <tcArgument mnemonic="CCDSEL">8</tcArgument>
        <tcArgument mnemonic="PWR">1</tcArgument>
        <tcArgument mnemonic="WDW">7</tcArgument>
        <tcArgument mnemonic="JPEGQ">100</tcArgument>
        <tcArgument mnemonic="SYNC">0</tcArgument>
        <tcArgument mnemonic="TEXPIMS">62800</tcArgument>
        <tcArgument mnemonic="TEXPMS">6000</tcArgument>
        <tcArgument mnemonic="GAIN">0</tcArgument>
        <tcArgument mnemonic="NFLUSH">1023</tcArgument>
        <tcArgument mnemonic="NRSKIP">0</tcArgument>
        <tcArgument mnemonic="NRBIN">1</tcArgument>
        <tcArgument mnemonic="NROW">511</tcArgument>
        <tcArgument mnemonic="NCSKIP">0</tcArgument>
        <tcArgument mnemonic="NCBIN">1</tcArgument>
        <tcArgument mnemonic="NCOL">2047</tcArgument>
        <tcArgument mnemonic="NCBINFPGA">0</tcArgument>
        <tcArgument mnemonic="SIGMODE">1</tcArgument>
      </tcArguments>
    </command>
    <command mnemonic="TC_pafCCD">
      <relativeTime>1412</relativeTime>
      <comment>FFEXP_3000, 2022-11-09 07:20:00, , pointing_altitude = 92500, ExpTime = 6000, Snapshot_Limb_Pointing_macro</comment>
      <tcArguments>
        <tcArgument mnemonic="CCDSEL">2</tcArgument>
        <tcArgument mnemonic="PWR">1</tcArgument>
        <tcArgument mnemonic="WDW">7</tcArgument>
        <tcArgument mnemonic="JPEGQ">100</tcArgument>
        <tcArgument mnemonic="SYNC">0</tcArgument>
        <tcArgument mnemonic="TEXPIMS">62800</tcArgument>
        <tcArgument mnemonic="TEXPMS">6000</tcArgument>
        <tcArgument mnemonic="GAIN">0</tcArgument>
        <tcArgument mnemonic="NFLUSH">1023</tcArgument>
        <tcArgument mnemonic="NRSKIP">0</tcArgument>
        <tcArgument mnemonic="NRBIN">1</tcArgument>
        <tcArgument mnemonic="NROW">511</tcArgument>
        <tcArgument mnemonic="NCSKIP">0</tcArgument>
        <tcArgument mnemonic="NCBIN">1</tcArgument>
        <tcArgument mnemonic="NCOL">2047</tcArgument>
        <tcArgument mnemonic="NCBINFPGA">0</tcArgument>
        <tcArgument mnemonic="SIGMODE">1</tcArgument>
      </tcArguments>
    </command>
    <command mnemonic="TC_pafCCD">
      <relativeTime>1414</relativeTime>
      <comment>FFEXP_3000, 2022-11-09 07:20:00, , pointing_altitude = 92500, ExpTime = 6000, Snapshot_Limb_Pointing_macro</comment>
      <tcArguments>
        <tcArgument mnemonic="CCDSEL">4</tcArgument>
        <tcArgument mnemonic="PWR">1</tcArgument>
        <tcArgument mnemonic="WDW">7</tcArgument>
        <tcArgument mnemonic="JPEGQ">100</tcArgument>
        <tcArgument mnemonic="SYNC">0</tcArgument>
        <tcArgument mnemonic="TEXPIMS">62800</tcArgument>
        <tcArgument mnemonic="TEXPMS">6000</tcArgument>
        <tcArgument mnemonic="GAIN">0</tcArgument>
        <tcArgument mnemonic="NFLUSH">1023</tcArgument>
        <tcArgument mnemonic="NRSKIP">0</tcArgument>
        <tcArgument mnemonic="NRBIN">1</tcArgument>
        <tcArgument mnemonic="NROW">511</tcArgument>
        <tcArgument mnemonic="NCSKIP">0</tcArgument>
        <tcArgument mnemonic="NCBIN">1</tcArgument>
        <tcArgument mnemonic="NCOL">2047</tcArgument>
        <tcArgument mnemonic="NCBINFPGA">0</tcArgument>
        <tcArgument mnemonic="SIGMODE">1</tcArgument>
      </tcArguments>
    </command>
    <command mnemonic="TC_pafCCD">
      <relativeTime>1416</relativeTime>
      <comment>FFEXP_3000, 2022-11-09 07:20:00, , pointing_altitude = 92500, ExpTime = 6000, Snapshot_Limb_Pointing_macro</comment>
      <tcArguments>
        <tcArgument mnemonic="CCDSEL">64</tcArgument>
        <tcArgument mnemonic="PWR">1</tcArgument>
        <tcArgument mnemonic="WDW">7</tcArgument>
        <tcArgument mnemonic="JPEGQ">100</tcArgument>
        <tcArgument mnemonic="SYNC">0</tcArgument>
        <tcArgument mnemonic="TEXPIMS">62800</tcArgument>
        <tcArgument mnemonic="TEXPMS">6000</tcArgument>
        <tcArgument mnemonic="GAIN">0</tcArgument>
        <tcArgument mnemonic="NFLUSH">1023</tcArgument>
        <tcArgument mnemonic="NRSKIP">0</tcArgument>
        <tcArgument mnemonic="NRBIN">1</tcArgument>
        <tcArgument mnemonic="NROW">511</tcArgument>
        <tcArgument mnemonic="NCSKIP">0</tcArgument>
        <tcArgument mnemonic="NCBIN">1</tcArgument>
        <tcArgument mnemonic="NCOL">2047</tcArgument>
        <tcArgument mnemonic="NCBINFPGA">0</tcArgument>
        <tcArgument mnemonic="SIGMODE">1</tcArgument>
      </tcArguments>
    </command>
    <command mnemonic="TC_pafCCDSNAPSHOT">
      <relativeTime>1418</relativeTime>
      <comment>FFEXP_3000, 2022-11-09 07:20:00, , pointing_altitude = 92500, ExpTime = 6000, Snapshot_Limb_Pointing_macro</comment>
      <tcArguments>
        <tcArgument mnemonic="CCDSEL">16</tcArgument>
      </tcArguments>
    </command>
    <command mnemonic="TC_pafCCDSNAPSHOT">
      <relativeTime>1428</relativeTime>
      <comment>FFEXP_3000, 2022-11-09 07:20:00, , pointing_altitude = 92500, ExpTime = 6000, Snapshot_Limb_Pointing_macro</comment>
      <tcArguments>
        <tcArgument mnemonic="CCDSEL">32</tcArgument>
      </tcArguments>
    </command>
    <command mnemonic="TC_pafCCDSNAPSHOT">
      <relativeTime>1438</relativeTime>
      <comment>FFEXP_3000, 2022-11-09 07:20:00, , pointing_altitude = 92500, ExpTime = 6000, Snapshot_Limb_Pointing_macro</comment>
      <tcArguments>
        <tcArgument mnemonic="CCDSEL">1</tcArgument>
      </tcArguments>
    </command>
    <command mnemonic="TC_pafCCDSNAPSHOT">
      <relativeTime>1448</relativeTime>
      <comment>FFEXP_3000, 2022-11-09 07:20:00, , pointing_altitude = 92500, ExpTime = 6000, Snapshot_Limb_Pointing_macro</comment>
      <tcArguments>
        <tcArgument mnemonic="CCDSEL">8</tcArgument>
      </tcArguments>
    </command>
    <command mnemonic="TC_pafCCDSNAPSHOT">
      <relativeTime>1458</relativeTime>
      <comment>FFEXP_3000, 2022-11-09 07:20:00, , pointing_altitude = 92500, ExpTime = 6000, Snapshot_Limb_Pointing_macro</comment>
      <tcArguments>
        <tcArgument mnemonic="CCDSEL">2</tcArgument>
      </tcArguments>
    </command>
    <command mnemonic="TC_pafCCDSNAPSHOT">
      <relativeTime>1468</relativeTime>
      <comment>FFEXP_3000, 2022-11-09 07:20:00, , pointing_altitude = 92500, ExpTime = 6000, Snapshot_Limb_Pointing_macro</comment>
      <tcArguments>
        <tcArgument mnemonic="CCDSEL">4</tcArgument>
      </tcArguments>
    </command>
    <command mnemonic="TC_pafMODE">
      <relativeTime>1488</relativeTime>
      <comment>FFEXP_3000, 2022-11-09 07:20:00, , pointing_altitude = 92500, ExpTime = 6000, NadirSnapshot_Limb_Pointing_macro</comment>
      <tcArguments>
        <tcArgument mnemonic="MODE">2</tcArgument>
      </tcArguments>
    </command>
    <command mnemonic="TC_acfLimbPointingAltitudeOffset">
      <relativeTime>1490</relativeTime>
      <comment>FFEXP_3000, 2022-11-09 07:20:00, , pointing_altitude = 92500, ExpTime = 6000, NadirSnapshot_Limb_Pointing_macro</comment>
      <tcArguments>
        <tcArgument mnemonic="Initial">92500</tcArgument>
        <tcArgument mnemonic="Final">92500</tcArgument>
        <tcArgument mnemonic="Rate">0</tcArgument>
      </tcArguments>
    </command>
    <command mnemonic="TC_pafCCD">
      <relativeTime>1498</relativeTime>
      <comment>FFEXP_3000, 2022-11-09 07:20:00, , pointing_altitude = 92500, ExpTime = 6000, NadirSnapshot_Limb_Pointing_macro</comment>
      <tcArguments>
        <tcArgument mnemonic="CCDSEL">64</tcArgument>
        <tcArgument mnemonic="PWR">1</tcArgument>
        <tcArgument mnemonic="WDW">7</tcArgument>
        <tcArgument mnemonic="JPEGQ">100</tcArgument>
        <tcArgument mnemonic="SYNC">0</tcArgument>
        <tcArgument mnemonic="TEXPIMS">62800</tcArgument>
        <tcArgument mnemonic="TEXPMS">6000</tcArgument>
        <tcArgument mnemonic="GAIN">0</tcArgument>
        <tcArgument mnemonic="NFLUSH">1023</tcArgument>
        <tcArgument mnemonic="NRSKIP">0</tcArgument>
        <tcArgument mnemonic="NRBIN">1</tcArgument>
        <tcArgument mnemonic="NROW">511</tcArgument>
        <tcArgument mnemonic="NCSKIP">0</tcArgument>
        <tcArgument mnemonic="NCBIN">1</tcArgument>
        <tcArgument mnemonic="NCOL">2047</tcArgument>
        <tcArgument mnemonic="NCBINFPGA">0</tcArgument>
        <tcArgument mnemonic="SIGMODE">1</tcArgument>
      </tcArguments>
    </command>
    <command mnemonic="TC_pafCCDSNAPSHOT">
      <relativeTime>1500</relativeTime>
      <comment>FFEXP_3000, 2022-11-09 07:20:00, , pointing_altitude = 92500, ExpTime = 6000, NadirSnapshot_Limb_Pointing_macro</comment>
      <tcArguments>
        <tcArgument mnemonic="CCDSEL">64</tcArgument>
      </tcArguments>
    </command>
    <command mnemonic="TC_pafMODE">
      <relativeTime>1502</relativeTime>
      <comment>FFEXP_3000, 2022-11-09 07:20:00, , pointing_altitude = 92500, ExpTime = 9000, Snapshot_Limb_Pointing_macro</comment>
      <tcArguments>
        <tcArgument mnemonic="MODE">2</tcArgument>
      </tcArguments>
    </command>
    <command mnemonic="TC_acfLimbPointingAltitudeOffset">
      <relativeTime>1504</relativeTime>
      <comment>FFEXP_3000, 2022-11-09 07:20:00, , pointing_altitude = 92500, ExpTime = 9000, Snapshot_Limb_Pointing_macro</comment>
      <tcArguments>
        <tcArgument mnemonic="Initial">92500</tcArgument>
        <tcArgument mnemonic="Final">92500</tcArgument>
        <tcArgument mnemonic="Rate">0</tcArgument>
      </tcArguments>
    </command>
    <command mnemonic="TC_pafCCD">
      <relativeTime>1512</relativeTime>
      <comment>FFEXP_3000, 2022-11-09 07:20:00, , pointing_altitude = 92500, ExpTime = 9000, Snapshot_Limb_Pointing_macro</comment>
      <tcArguments>
        <tcArgument mnemonic="CCDSEL">16</tcArgument>
        <tcArgument mnemonic="PWR">1</tcArgument>
        <tcArgument mnemonic="WDW">7</tcArgument>
        <tcArgument mnemonic="JPEGQ">100</tcArgument>
        <tcArgument mnemonic="SYNC">0</tcArgument>
        <tcArgument mnemonic="TEXPIMS">62800</tcArgument>
        <tcArgument mnemonic="TEXPMS">9000</tcArgument>
        <tcArgument mnemonic="GAIN">0</tcArgument>
        <tcArgument mnemonic="NFLUSH">1023</tcArgument>
        <tcArgument mnemonic="NRSKIP">0</tcArgument>
        <tcArgument mnemonic="NRBIN">1</tcArgument>
        <tcArgument mnemonic="NROW">511</tcArgument>
        <tcArgument mnemonic="NCSKIP">0</tcArgument>
        <tcArgument mnemonic="NCBIN">1</tcArgument>
        <tcArgument mnemonic="NCOL">2047</tcArgument>
        <tcArgument mnemonic="NCBINFPGA">0</tcArgument>
        <tcArgument mnemonic="SIGMODE">1</tcArgument>
      </tcArguments>
    </command>
    <command mnemonic="TC_pafCCD">
      <relativeTime>1514</relativeTime>
      <comment>FFEXP_3000, 2022-11-09 07:20:00, , pointing_altitude = 92500, ExpTime = 9000, Snapshot_Limb_Pointing_macro</comment>
      <tcArguments>
        <tcArgument mnemonic="CCDSEL">32</tcArgument>
        <tcArgument mnemonic="PWR">1</tcArgument>
        <tcArgument mnemonic="WDW">7</tcArgument>
        <tcArgument mnemonic="JPEGQ">100</tcArgument>
        <tcArgument mnemonic="SYNC">0</tcArgument>
        <tcArgument mnemonic="TEXPIMS">62800</tcArgument>
        <tcArgument mnemonic="TEXPMS">9000</tcArgument>
        <tcArgument mnemonic="GAIN">0</tcArgument>
        <tcArgument mnemonic="NFLUSH">1023</tcArgument>
        <tcArgument mnemonic="NRSKIP">0</tcArgument>
        <tcArgument mnemonic="NRBIN">1</tcArgument>
        <tcArgument mnemonic="NROW">511</tcArgument>
        <tcArgument mnemonic="NCSKIP">0</tcArgument>
        <tcArgument mnemonic="NCBIN">1</tcArgument>
        <tcArgument mnemonic="NCOL">2047</tcArgument>
        <tcArgument mnemonic="NCBINFPGA">0</tcArgument>
        <tcArgument mnemonic="SIGMODE">1</tcArgument>
      </tcArguments>
    </command>
    <command mnemonic="TC_pafCCD">
      <relativeTime>1516</relativeTime>
      <comment>FFEXP_3000, 2022-11-09 07:20:00, , pointing_altitude = 92500, ExpTime = 9000, Snapshot_Limb_Pointing_macro</comment>
      <tcArguments>
        <tcArgument mnemonic="CCDSEL">1</tcArgument>
        <tcArgument mnemonic="PWR">1</tcArgument>
        <tcArgument mnemonic="WDW">7</tcArgument>
        <tcArgument mnemonic="JPEGQ">100</tcArgument>
        <tcArgument mnemonic="SYNC">0</tcArgument>
        <tcArgument mnemonic="TEXPIMS">62800</tcArgument>
        <tcArgument mnemonic="TEXPMS">9000</tcArgument>
        <tcArgument mnemonic="GAIN">0</tcArgument>
        <tcArgument mnemonic="NFLUSH">1023</tcArgument>
        <tcArgument mnemonic="NRSKIP">0</tcArgument>
        <tcArgument mnemonic="NRBIN">1</tcArgument>
        <tcArgument mnemonic="NROW">511</tcArgument>
        <tcArgument mnemonic="NCSKIP">0</tcArgument>
        <tcArgument mnemonic="NCBIN">1</tcArgument>
        <tcArgument mnemonic="NCOL">2047</tcArgument>
        <tcArgument mnemonic="NCBINFPGA">0</tcArgument>
        <tcArgument mnemonic="SIGMODE">1</tcArgument>
      </tcArguments>
    </command>
    <command mnemonic="TC_pafCCD">
      <relativeTime>1518</relativeTime>
      <comment>FFEXP_3000, 2022-11-09 07:20:00, , pointing_altitude = 92500, ExpTime = 9000, Snapshot_Limb_Pointing_macro</comment>
      <tcArguments>
        <tcArgument mnemonic="CCDSEL">8</tcArgument>
        <tcArgument mnemonic="PWR">1</tcArgument>
        <tcArgument mnemonic="WDW">7</tcArgument>
        <tcArgument mnemonic="JPEGQ">100</tcArgument>
        <tcArgument mnemonic="SYNC">0</tcArgument>
        <tcArgument mnemonic="TEXPIMS">62800</tcArgument>
        <tcArgument mnemonic="TEXPMS">9000</tcArgument>
        <tcArgument mnemonic="GAIN">0</tcArgument>
        <tcArgument mnemonic="NFLUSH">1023</tcArgument>
        <tcArgument mnemonic="NRSKIP">0</tcArgument>
        <tcArgument mnemonic="NRBIN">1</tcArgument>
        <tcArgument mnemonic="NROW">511</tcArgument>
        <tcArgument mnemonic="NCSKIP">0</tcArgument>
        <tcArgument mnemonic="NCBIN">1</tcArgument>
        <tcArgument mnemonic="NCOL">2047</tcArgument>
        <tcArgument mnemonic="NCBINFPGA">0</tcArgument>
        <tcArgument mnemonic="SIGMODE">1</tcArgument>
      </tcArguments>
    </command>
    <command mnemonic="TC_pafCCD">
      <relativeTime>1520</relativeTime>
      <comment>FFEXP_3000, 2022-11-09 07:20:00, , pointing_altitude = 92500, ExpTime = 9000, Snapshot_Limb_Pointing_macro</comment>
      <tcArguments>
        <tcArgument mnemonic="CCDSEL">2</tcArgument>
        <tcArgument mnemonic="PWR">1</tcArgument>
        <tcArgument mnemonic="WDW">7</tcArgument>
        <tcArgument mnemonic="JPEGQ">100</tcArgument>
        <tcArgument mnemonic="SYNC">0</tcArgument>
        <tcArgument mnemonic="TEXPIMS">62800</tcArgument>
        <tcArgument mnemonic="TEXPMS">9000</tcArgument>
        <tcArgument mnemonic="GAIN">0</tcArgument>
        <tcArgument mnemonic="NFLUSH">1023</tcArgument>
        <tcArgument mnemonic="NRSKIP">0</tcArgument>
        <tcArgument mnemonic="NRBIN">1</tcArgument>
        <tcArgument mnemonic="NROW">511</tcArgument>
        <tcArgument mnemonic="NCSKIP">0</tcArgument>
        <tcArgument mnemonic="NCBIN">1</tcArgument>
        <tcArgument mnemonic="NCOL">2047</tcArgument>
        <tcArgument mnemonic="NCBINFPGA">0</tcArgument>
        <tcArgument mnemonic="SIGMODE">1</tcArgument>
      </tcArguments>
    </command>
    <command mnemonic="TC_pafCCD">
      <relativeTime>1522</relativeTime>
      <comment>FFEXP_3000, 2022-11-09 07:20:00, , pointing_altitude = 92500, ExpTime = 9000, Snapshot_Limb_Pointing_macro</comment>
      <tcArguments>
        <tcArgument mnemonic="CCDSEL">4</tcArgument>
        <tcArgument mnemonic="PWR">1</tcArgument>
        <tcArgument mnemonic="WDW">7</tcArgument>
        <tcArgument mnemonic="JPEGQ">100</tcArgument>
        <tcArgument mnemonic="SYNC">0</tcArgument>
        <tcArgument mnemonic="TEXPIMS">62800</tcArgument>
        <tcArgument mnemonic="TEXPMS">9000</tcArgument>
        <tcArgument mnemonic="GAIN">0</tcArgument>
        <tcArgument mnemonic="NFLUSH">1023</tcArgument>
        <tcArgument mnemonic="NRSKIP">0</tcArgument>
        <tcArgument mnemonic="NRBIN">1</tcArgument>
        <tcArgument mnemonic="NROW">511</tcArgument>
        <tcArgument mnemonic="NCSKIP">0</tcArgument>
        <tcArgument mnemonic="NCBIN">1</tcArgument>
        <tcArgument mnemonic="NCOL">2047</tcArgument>
        <tcArgument mnemonic="NCBINFPGA">0</tcArgument>
        <tcArgument mnemonic="SIGMODE">1</tcArgument>
      </tcArguments>
    </command>
    <command mnemonic="TC_pafCCD">
      <relativeTime>1524</relativeTime>
      <comment>FFEXP_3000, 2022-11-09 07:20:00, , pointing_altitude = 92500, ExpTime = 9000, Snapshot_Limb_Pointing_macro</comment>
      <tcArguments>
        <tcArgument mnemonic="CCDSEL">64</tcArgument>
        <tcArgument mnemonic="PWR">1</tcArgument>
        <tcArgument mnemonic="WDW">7</tcArgument>
        <tcArgument mnemonic="JPEGQ">100</tcArgument>
        <tcArgument mnemonic="SYNC">0</tcArgument>
        <tcArgument mnemonic="TEXPIMS">62800</tcArgument>
        <tcArgument mnemonic="TEXPMS">9000</tcArgument>
        <tcArgument mnemonic="GAIN">0</tcArgument>
        <tcArgument mnemonic="NFLUSH">1023</tcArgument>
        <tcArgument mnemonic="NRSKIP">0</tcArgument>
        <tcArgument mnemonic="NRBIN">1</tcArgument>
        <tcArgument mnemonic="NROW">511</tcArgument>
        <tcArgument mnemonic="NCSKIP">0</tcArgument>
        <tcArgument mnemonic="NCBIN">1</tcArgument>
        <tcArgument mnemonic="NCOL">2047</tcArgument>
        <tcArgument mnemonic="NCBINFPGA">0</tcArgument>
        <tcArgument mnemonic="SIGMODE">1</tcArgument>
      </tcArguments>
    </command>
    <command mnemonic="TC_pafCCDSNAPSHOT">
      <relativeTime>1526</relativeTime>
      <comment>FFEXP_3000, 2022-11-09 07:20:00, , pointing_altitude = 92500, ExpTime = 9000, Snapshot_Limb_Pointing_macro</comment>
      <tcArguments>
        <tcArgument mnemonic="CCDSEL">16</tcArgument>
      </tcArguments>
    </command>
    <command mnemonic="TC_pafCCDSNAPSHOT">
      <relativeTime>1536</relativeTime>
      <comment>FFEXP_3000, 2022-11-09 07:20:00, , pointing_altitude = 92500, ExpTime = 9000, Snapshot_Limb_Pointing_macro</comment>
      <tcArguments>
        <tcArgument mnemonic="CCDSEL">32</tcArgument>
      </tcArguments>
    </command>
    <command mnemonic="TC_pafCCDSNAPSHOT">
      <relativeTime>1546</relativeTime>
      <comment>FFEXP_3000, 2022-11-09 07:20:00, , pointing_altitude = 92500, ExpTime = 9000, Snapshot_Limb_Pointing_macro</comment>
      <tcArguments>
        <tcArgument mnemonic="CCDSEL">1</tcArgument>
      </tcArguments>
    </command>
    <command mnemonic="TC_pafCCDSNAPSHOT">
      <relativeTime>1556</relativeTime>
      <comment>FFEXP_3000, 2022-11-09 07:20:00, , pointing_altitude = 92500, ExpTime = 9000, Snapshot_Limb_Pointing_macro</comment>
      <tcArguments>
        <tcArgument mnemonic="CCDSEL">8</tcArgument>
      </tcArguments>
    </command>
    <command mnemonic="TC_pafCCDSNAPSHOT">
      <relativeTime>1566</relativeTime>
      <comment>FFEXP_3000, 2022-11-09 07:20:00, , pointing_altitude = 92500, ExpTime = 9000, Snapshot_Limb_Pointing_macro</comment>
      <tcArguments>
        <tcArgument mnemonic="CCDSEL">2</tcArgument>
      </tcArguments>
    </command>
    <command mnemonic="TC_pafCCDSNAPSHOT">
      <relativeTime>1576</relativeTime>
      <comment>FFEXP_3000, 2022-11-09 07:20:00, , pointing_altitude = 92500, ExpTime = 9000, Snapshot_Limb_Pointing_macro</comment>
      <tcArguments>
        <tcArgument mnemonic="CCDSEL">4</tcArgument>
      </tcArguments>
    </command>
    <command mnemonic="TC_pafMODE">
      <relativeTime>1596</relativeTime>
      <comment>FFEXP_3000, 2022-11-09 07:20:00, , pointing_altitude = 92500, ExpTime = 9000, NadirSnapshot_Limb_Pointing_macro</comment>
      <tcArguments>
        <tcArgument mnemonic="MODE">2</tcArgument>
      </tcArguments>
    </command>
    <command mnemonic="TC_acfLimbPointingAltitudeOffset">
      <relativeTime>1598</relativeTime>
      <comment>FFEXP_3000, 2022-11-09 07:20:00, , pointing_altitude = 92500, ExpTime = 9000, NadirSnapshot_Limb_Pointing_macro</comment>
      <tcArguments>
        <tcArgument mnemonic="Initial">92500</tcArgument>
        <tcArgument mnemonic="Final">92500</tcArgument>
        <tcArgument mnemonic="Rate">0</tcArgument>
      </tcArguments>
    </command>
    <command mnemonic="TC_pafCCD">
      <relativeTime>1609</relativeTime>
      <comment>FFEXP_3000, 2022-11-09 07:20:00, , pointing_altitude = 92500, ExpTime = 9000, NadirSnapshot_Limb_Pointing_macro</comment>
      <tcArguments>
        <tcArgument mnemonic="CCDSEL">64</tcArgument>
        <tcArgument mnemonic="PWR">1</tcArgument>
        <tcArgument mnemonic="WDW">7</tcArgument>
        <tcArgument mnemonic="JPEGQ">100</tcArgument>
        <tcArgument mnemonic="SYNC">0</tcArgument>
        <tcArgument mnemonic="TEXPIMS">62800</tcArgument>
        <tcArgument mnemonic="TEXPMS">9000</tcArgument>
        <tcArgument mnemonic="GAIN">0</tcArgument>
        <tcArgument mnemonic="NFLUSH">1023</tcArgument>
        <tcArgument mnemonic="NRSKIP">0</tcArgument>
        <tcArgument mnemonic="NRBIN">1</tcArgument>
        <tcArgument mnemonic="NROW">511</tcArgument>
        <tcArgument mnemonic="NCSKIP">0</tcArgument>
        <tcArgument mnemonic="NCBIN">1</tcArgument>
        <tcArgument mnemonic="NCOL">2047</tcArgument>
        <tcArgument mnemonic="NCBINFPGA">0</tcArgument>
        <tcArgument mnemonic="SIGMODE">1</tcArgument>
      </tcArguments>
    </command>
    <command mnemonic="TC_pafCCDSNAPSHOT">
      <relativeTime>1611</relativeTime>
      <comment>FFEXP_3000, 2022-11-09 07:20:00, , pointing_altitude = 92500, ExpTime = 9000, NadirSnapshot_Limb_Pointing_macro</comment>
      <tcArguments>
        <tcArgument mnemonic="CCDSEL">64</tcArgument>
      </tcArguments>
    </command>
    <command mnemonic="TC_pafMODE">
      <relativeTime>3600</relativeTime>
      <comment>FFEXP_3000, 2022-11-09 08:00:00, , pointing_altitude = 92500, ExpTime = 3000, Snapshot_Limb_Pointing_macro</comment>
      <tcArguments>
        <tcArgument mnemonic="MODE">2</tcArgument>
      </tcArguments>
    </command>
    <command mnemonic="TC_acfLimbPointingAltitudeOffset">
      <relativeTime>3602</relativeTime>
      <comment>FFEXP_3000, 2022-11-09 08:00:00, , pointing_altitude = 92500, ExpTime = 3000, Snapshot_Limb_Pointing_macro</comment>
      <tcArguments>
        <tcArgument mnemonic="Initial">92500</tcArgument>
        <tcArgument mnemonic="Final">92500</tcArgument>
        <tcArgument mnemonic="Rate">0</tcArgument>
      </tcArguments>
    </command>
    <command mnemonic="TC_pafCCD">
      <relativeTime>3613</relativeTime>
      <comment>FFEXP_3000, 2022-11-09 08:00:00, , pointing_altitude = 92500, ExpTime = 3000, Snapshot_Limb_Pointing_macro</comment>
      <tcArguments>
        <tcArgument mnemonic="CCDSEL">16</tcArgument>
        <tcArgument mnemonic="PWR">1</tcArgument>
        <tcArgument mnemonic="WDW">7</tcArgument>
        <tcArgument mnemonic="JPEGQ">100</tcArgument>
        <tcArgument mnemonic="SYNC">0</tcArgument>
        <tcArgument mnemonic="TEXPIMS">62800</tcArgument>
        <tcArgument mnemonic="TEXPMS">3000</tcArgument>
        <tcArgument mnemonic="GAIN">0</tcArgument>
        <tcArgument mnemonic="NFLUSH">1023</tcArgument>
        <tcArgument mnemonic="NRSKIP">0</tcArgument>
        <tcArgument mnemonic="NRBIN">1</tcArgument>
        <tcArgument mnemonic="NROW">511</tcArgument>
        <tcArgument mnemonic="NCSKIP">0</tcArgument>
        <tcArgument mnemonic="NCBIN">1</tcArgument>
        <tcArgument mnemonic="NCOL">2047</tcArgument>
        <tcArgument mnemonic="NCBINFPGA">0</tcArgument>
        <tcArgument mnemonic="SIGMODE">1</tcArgument>
      </tcArguments>
    </command>
    <command mnemonic="TC_pafCCD">
      <relativeTime>3615</relativeTime>
      <comment>FFEXP_3000, 2022-11-09 08:00:00, , pointing_altitude = 92500, ExpTime = 3000, Snapshot_Limb_Pointing_macro</comment>
      <tcArguments>
        <tcArgument mnemonic="CCDSEL">32</tcArgument>
        <tcArgument mnemonic="PWR">1</tcArgument>
        <tcArgument mnemonic="WDW">7</tcArgument>
        <tcArgument mnemonic="JPEGQ">100</tcArgument>
        <tcArgument mnemonic="SYNC">0</tcArgument>
        <tcArgument mnemonic="TEXPIMS">62800</tcArgument>
        <tcArgument mnemonic="TEXPMS">3000</tcArgument>
        <tcArgument mnemonic="GAIN">0</tcArgument>
        <tcArgument mnemonic="NFLUSH">1023</tcArgument>
        <tcArgument mnemonic="NRSKIP">0</tcArgument>
        <tcArgument mnemonic="NRBIN">1</tcArgument>
        <tcArgument mnemonic="NROW">511</tcArgument>
        <tcArgument mnemonic="NCSKIP">0</tcArgument>
        <tcArgument mnemonic="NCBIN">1</tcArgument>
        <tcArgument mnemonic="NCOL">2047</tcArgument>
        <tcArgument mnemonic="NCBINFPGA">0</tcArgument>
        <tcArgument mnemonic="SIGMODE">1</tcArgument>
      </tcArguments>
    </command>
    <command mnemonic="TC_pafCCD">
      <relativeTime>3617</relativeTime>
      <comment>FFEXP_3000, 2022-11-09 08:00:00, , pointing_altitude = 92500, ExpTime = 3000, Snapshot_Limb_Pointing_macro</comment>
      <tcArguments>
        <tcArgument mnemonic="CCDSEL">1</tcArgument>
        <tcArgument mnemonic="PWR">1</tcArgument>
        <tcArgument mnemonic="WDW">7</tcArgument>
        <tcArgument mnemonic="JPEGQ">100</tcArgument>
        <tcArgument mnemonic="SYNC">0</tcArgument>
        <tcArgument mnemonic="TEXPIMS">62800</tcArgument>
        <tcArgument mnemonic="TEXPMS">3000</tcArgument>
        <tcArgument mnemonic="GAIN">0</tcArgument>
        <tcArgument mnemonic="NFLUSH">1023</tcArgument>
        <tcArgument mnemonic="NRSKIP">0</tcArgument>
        <tcArgument mnemonic="NRBIN">1</tcArgument>
        <tcArgument mnemonic="NROW">511</tcArgument>
        <tcArgument mnemonic="NCSKIP">0</tcArgument>
        <tcArgument mnemonic="NCBIN">1</tcArgument>
        <tcArgument mnemonic="NCOL">2047</tcArgument>
        <tcArgument mnemonic="NCBINFPGA">0</tcArgument>
        <tcArgument mnemonic="SIGMODE">1</tcArgument>
      </tcArguments>
    </command>
    <command mnemonic="TC_pafCCD">
      <relativeTime>3619</relativeTime>
      <comment>FFEXP_3000, 2022-11-09 08:00:00, , pointing_altitude = 92500, ExpTime = 3000, Snapshot_Limb_Pointing_macro</comment>
      <tcArguments>
        <tcArgument mnemonic="CCDSEL">8</tcArgument>
        <tcArgument mnemonic="PWR">1</tcArgument>
        <tcArgument mnemonic="WDW">7</tcArgument>
        <tcArgument mnemonic="JPEGQ">100</tcArgument>
        <tcArgument mnemonic="SYNC">0</tcArgument>
        <tcArgument mnemonic="TEXPIMS">62800</tcArgument>
        <tcArgument mnemonic="TEXPMS">3000</tcArgument>
        <tcArgument mnemonic="GAIN">0</tcArgument>
        <tcArgument mnemonic="NFLUSH">1023</tcArgument>
        <tcArgument mnemonic="NRSKIP">0</tcArgument>
        <tcArgument mnemonic="NRBIN">1</tcArgument>
        <tcArgument mnemonic="NROW">511</tcArgument>
        <tcArgument mnemonic="NCSKIP">0</tcArgument>
        <tcArgument mnemonic="NCBIN">1</tcArgument>
        <tcArgument mnemonic="NCOL">2047</tcArgument>
        <tcArgument mnemonic="NCBINFPGA">0</tcArgument>
        <tcArgument mnemonic="SIGMODE">1</tcArgument>
      </tcArguments>
    </command>
    <command mnemonic="TC_pafCCD">
      <relativeTime>3621</relativeTime>
      <comment>FFEXP_3000, 2022-11-09 08:00:00, , pointing_altitude = 92500, ExpTime = 3000, Snapshot_Limb_Pointing_macro</comment>
      <tcArguments>
        <tcArgument mnemonic="CCDSEL">2</tcArgument>
        <tcArgument mnemonic="PWR">1</tcArgument>
        <tcArgument mnemonic="WDW">7</tcArgument>
        <tcArgument mnemonic="JPEGQ">100</tcArgument>
        <tcArgument mnemonic="SYNC">0</tcArgument>
        <tcArgument mnemonic="TEXPIMS">62800</tcArgument>
        <tcArgument mnemonic="TEXPMS">3000</tcArgument>
        <tcArgument mnemonic="GAIN">0</tcArgument>
        <tcArgument mnemonic="NFLUSH">1023</tcArgument>
        <tcArgument mnemonic="NRSKIP">0</tcArgument>
        <tcArgument mnemonic="NRBIN">1</tcArgument>
        <tcArgument mnemonic="NROW">511</tcArgument>
        <tcArgument mnemonic="NCSKIP">0</tcArgument>
        <tcArgument mnemonic="NCBIN">1</tcArgument>
        <tcArgument mnemonic="NCOL">2047</tcArgument>
        <tcArgument mnemonic="NCBINFPGA">0</tcArgument>
        <tcArgument mnemonic="SIGMODE">1</tcArgument>
      </tcArguments>
    </command>
    <command mnemonic="TC_pafCCD">
      <relativeTime>3623</relativeTime>
      <comment>FFEXP_3000, 2022-11-09 08:00:00, , pointing_altitude = 92500, ExpTime = 3000, Snapshot_Limb_Pointing_macro</comment>
      <tcArguments>
        <tcArgument mnemonic="CCDSEL">4</tcArgument>
        <tcArgument mnemonic="PWR">1</tcArgument>
        <tcArgument mnemonic="WDW">7</tcArgument>
        <tcArgument mnemonic="JPEGQ">100</tcArgument>
        <tcArgument mnemonic="SYNC">0</tcArgument>
        <tcArgument mnemonic="TEXPIMS">62800</tcArgument>
        <tcArgument mnemonic="TEXPMS">3000</tcArgument>
        <tcArgument mnemonic="GAIN">0</tcArgument>
        <tcArgument mnemonic="NFLUSH">1023</tcArgument>
        <tcArgument mnemonic="NRSKIP">0</tcArgument>
        <tcArgument mnemonic="NRBIN">1</tcArgument>
        <tcArgument mnemonic="NROW">511</tcArgument>
        <tcArgument mnemonic="NCSKIP">0</tcArgument>
        <tcArgument mnemonic="NCBIN">1</tcArgument>
        <tcArgument mnemonic="NCOL">2047</tcArgument>
        <tcArgument mnemonic="NCBINFPGA">0</tcArgument>
        <tcArgument mnemonic="SIGMODE">1</tcArgument>
      </tcArguments>
    </command>
    <command mnemonic="TC_pafCCD">
      <relativeTime>3625</relativeTime>
      <comment>FFEXP_3000, 2022-11-09 08:00:00, , pointing_altitude = 92500, ExpTime = 3000, Snapshot_Limb_Pointing_macro</comment>
      <tcArguments>
        <tcArgument mnemonic="CCDSEL">64</tcArgument>
        <tcArgument mnemonic="PWR">1</tcArgument>
        <tcArgument mnemonic="WDW">7</tcArgument>
        <tcArgument mnemonic="JPEGQ">100</tcArgument>
        <tcArgument mnemonic="SYNC">0</tcArgument>
        <tcArgument mnemonic="TEXPIMS">62800</tcArgument>
        <tcArgument mnemonic="TEXPMS">3000</tcArgument>
        <tcArgument mnemonic="GAIN">0</tcArgument>
        <tcArgument mnemonic="NFLUSH">1023</tcArgument>
        <tcArgument mnemonic="NRSKIP">0</tcArgument>
        <tcArgument mnemonic="NRBIN">1</tcArgument>
        <tcArgument mnemonic="NROW">511</tcArgument>
        <tcArgument mnemonic="NCSKIP">0</tcArgument>
        <tcArgument mnemonic="NCBIN">1</tcArgument>
        <tcArgument mnemonic="NCOL">2047</tcArgument>
        <tcArgument mnemonic="NCBINFPGA">0</tcArgument>
        <tcArgument mnemonic="SIGMODE">1</tcArgument>
      </tcArguments>
    </command>
    <command mnemonic="TC_pafCCDSNAPSHOT">
      <relativeTime>3627</relativeTime>
      <comment>FFEXP_3000, 2022-11-09 08:00:00, , pointing_altitude = 92500, ExpTime = 3000, Snapshot_Limb_Pointing_macro</comment>
      <tcArguments>
        <tcArgument mnemonic="CCDSEL">16</tcArgument>
      </tcArguments>
    </command>
    <command mnemonic="TC_pafCCDSNAPSHOT">
      <relativeTime>3637</relativeTime>
      <comment>FFEXP_3000, 2022-11-09 08:00:00, , pointing_altitude = 92500, ExpTime = 3000, Snapshot_Limb_Pointing_macro</comment>
      <tcArguments>
        <tcArgument mnemonic="CCDSEL">32</tcArgument>
      </tcArguments>
    </command>
    <command mnemonic="TC_pafCCDSNAPSHOT">
      <relativeTime>3647</relativeTime>
      <comment>FFEXP_3000, 2022-11-09 08:00:00, , pointing_altitude = 92500, ExpTime = 3000, Snapshot_Limb_Pointing_macro</comment>
      <tcArguments>
        <tcArgument mnemonic="CCDSEL">1</tcArgument>
      </tcArguments>
    </command>
    <command mnemonic="TC_pafCCDSNAPSHOT">
      <relativeTime>3657</relativeTime>
      <comment>FFEXP_3000, 2022-11-09 08:00:00, , pointing_altitude = 92500, ExpTime = 3000, Snapshot_Limb_Pointing_macro</comment>
      <tcArguments>
        <tcArgument mnemonic="CCDSEL">8</tcArgument>
      </tcArguments>
    </command>
    <command mnemonic="TC_pafCCDSNAPSHOT">
      <relativeTime>3667</relativeTime>
      <comment>FFEXP_3000, 2022-11-09 08:00:00, , pointing_altitude = 92500, ExpTime = 3000, Snapshot_Limb_Pointing_macro</comment>
      <tcArguments>
        <tcArgument mnemonic="CCDSEL">2</tcArgument>
      </tcArguments>
    </command>
    <command mnemonic="TC_pafCCDSNAPSHOT">
      <relativeTime>3677</relativeTime>
      <comment>FFEXP_3000, 2022-11-09 08:00:00, , pointing_altitude = 92500, ExpTime = 3000, Snapshot_Limb_Pointing_macro</comment>
      <tcArguments>
        <tcArgument mnemonic="CCDSEL">4</tcArgument>
      </tcArguments>
    </command>
    <command mnemonic="TC_pafMODE">
      <relativeTime>3697</relativeTime>
      <comment>FFEXP_3000, 2022-11-09 08:00:00, , pointing_altitude = 92500, ExpTime = 3000, NadirSnapshot_Limb_Pointing_macro</comment>
      <tcArguments>
        <tcArgument mnemonic="MODE">2</tcArgument>
      </tcArguments>
    </command>
    <command mnemonic="TC_acfLimbPointingAltitudeOffset">
      <relativeTime>3699</relativeTime>
      <comment>FFEXP_3000, 2022-11-09 08:00:00, , pointing_altitude = 92500, ExpTime = 3000, NadirSnapshot_Limb_Pointing_macro</comment>
      <tcArguments>
        <tcArgument mnemonic="Initial">92500</tcArgument>
        <tcArgument mnemonic="Final">92500</tcArgument>
        <tcArgument mnemonic="Rate">0</tcArgument>
      </tcArguments>
    </command>
    <command mnemonic="TC_pafCCD">
      <relativeTime>3704</relativeTime>
      <comment>FFEXP_3000, 2022-11-09 08:00:00, , pointing_altitude = 92500, ExpTime = 3000, NadirSnapshot_Limb_Pointing_macro</comment>
      <tcArguments>
        <tcArgument mnemonic="CCDSEL">64</tcArgument>
        <tcArgument mnemonic="PWR">1</tcArgument>
        <tcArgument mnemonic="WDW">7</tcArgument>
        <tcArgument mnemonic="JPEGQ">100</tcArgument>
        <tcArgument mnemonic="SYNC">0</tcArgument>
        <tcArgument mnemonic="TEXPIMS">62800</tcArgument>
        <tcArgument mnemonic="TEXPMS">3000</tcArgument>
        <tcArgument mnemonic="GAIN">0</tcArgument>
        <tcArgument mnemonic="NFLUSH">1023</tcArgument>
        <tcArgument mnemonic="NRSKIP">0</tcArgument>
        <tcArgument mnemonic="NRBIN">1</tcArgument>
        <tcArgument mnemonic="NROW">511</tcArgument>
        <tcArgument mnemonic="NCSKIP">0</tcArgument>
        <tcArgument mnemonic="NCBIN">1</tcArgument>
        <tcArgument mnemonic="NCOL">2047</tcArgument>
        <tcArgument mnemonic="NCBINFPGA">0</tcArgument>
        <tcArgument mnemonic="SIGMODE">1</tcArgument>
      </tcArguments>
    </command>
    <command mnemonic="TC_pafCCDSNAPSHOT">
      <relativeTime>3706</relativeTime>
      <comment>FFEXP_3000, 2022-11-09 08:00:00, , pointing_altitude = 92500, ExpTime = 3000, NadirSnapshot_Limb_Pointing_macro</comment>
      <tcArguments>
        <tcArgument mnemonic="CCDSEL">64</tcArgument>
      </tcArguments>
    </command>
    <command mnemonic="TC_pafMODE">
      <relativeTime>3708</relativeTime>
      <comment>FFEXP_3000, 2022-11-09 08:00:00, , pointing_altitude = 92500, ExpTime = 6000, Snapshot_Limb_Pointing_macro</comment>
      <tcArguments>
        <tcArgument mnemonic="MODE">2</tcArgument>
      </tcArguments>
    </command>
    <command mnemonic="TC_acfLimbPointingAltitudeOffset">
      <relativeTime>3710</relativeTime>
      <comment>FFEXP_3000, 2022-11-09 08:00:00, , pointing_altitude = 92500, ExpTime = 6000, Snapshot_Limb_Pointing_macro</comment>
      <tcArguments>
        <tcArgument mnemonic="Initial">92500</tcArgument>
        <tcArgument mnemonic="Final">92500</tcArgument>
        <tcArgument mnemonic="Rate">0</tcArgument>
      </tcArguments>
    </command>
    <command mnemonic="TC_pafCCD">
      <relativeTime>3715</relativeTime>
      <comment>FFEXP_3000, 2022-11-09 08:00:00, , pointing_altitude = 92500, ExpTime = 6000, Snapshot_Limb_Pointing_macro</comment>
      <tcArguments>
        <tcArgument mnemonic="CCDSEL">16</tcArgument>
        <tcArgument mnemonic="PWR">1</tcArgument>
        <tcArgument mnemonic="WDW">7</tcArgument>
        <tcArgument mnemonic="JPEGQ">100</tcArgument>
        <tcArgument mnemonic="SYNC">0</tcArgument>
        <tcArgument mnemonic="TEXPIMS">62800</tcArgument>
        <tcArgument mnemonic="TEXPMS">6000</tcArgument>
        <tcArgument mnemonic="GAIN">0</tcArgument>
        <tcArgument mnemonic="NFLUSH">1023</tcArgument>
        <tcArgument mnemonic="NRSKIP">0</tcArgument>
        <tcArgument mnemonic="NRBIN">1</tcArgument>
        <tcArgument mnemonic="NROW">511</tcArgument>
        <tcArgument mnemonic="NCSKIP">0</tcArgument>
        <tcArgument mnemonic="NCBIN">1</tcArgument>
        <tcArgument mnemonic="NCOL">2047</tcArgument>
        <tcArgument mnemonic="NCBINFPGA">0</tcArgument>
        <tcArgument mnemonic="SIGMODE">1</tcArgument>
      </tcArguments>
    </command>
    <command mnemonic="TC_pafCCD">
      <relativeTime>3717</relativeTime>
      <comment>FFEXP_3000, 2022-11-09 08:00:00, , pointing_altitude = 92500, ExpTime = 6000, Snapshot_Limb_Pointing_macro</comment>
      <tcArguments>
        <tcArgument mnemonic="CCDSEL">32</tcArgument>
        <tcArgument mnemonic="PWR">1</tcArgument>
        <tcArgument mnemonic="WDW">7</tcArgument>
        <tcArgument mnemonic="JPEGQ">100</tcArgument>
        <tcArgument mnemonic="SYNC">0</tcArgument>
        <tcArgument mnemonic="TEXPIMS">62800</tcArgument>
        <tcArgument mnemonic="TEXPMS">6000</tcArgument>
        <tcArgument mnemonic="GAIN">0</tcArgument>
        <tcArgument mnemonic="NFLUSH">1023</tcArgument>
        <tcArgument mnemonic="NRSKIP">0</tcArgument>
        <tcArgument mnemonic="NRBIN">1</tcArgument>
        <tcArgument mnemonic="NROW">511</tcArgument>
        <tcArgument mnemonic="NCSKIP">0</tcArgument>
        <tcArgument mnemonic="NCBIN">1</tcArgument>
        <tcArgument mnemonic="NCOL">2047</tcArgument>
        <tcArgument mnemonic="NCBINFPGA">0</tcArgument>
        <tcArgument mnemonic="SIGMODE">1</tcArgument>
      </tcArguments>
    </command>
    <command mnemonic="TC_pafCCD">
      <relativeTime>3719</relativeTime>
      <comment>FFEXP_3000, 2022-11-09 08:00:00, , pointing_altitude = 92500, ExpTime = 6000, Snapshot_Limb_Pointing_macro</comment>
      <tcArguments>
        <tcArgument mnemonic="CCDSEL">1</tcArgument>
        <tcArgument mnemonic="PWR">1</tcArgument>
        <tcArgument mnemonic="WDW">7</tcArgument>
        <tcArgument mnemonic="JPEGQ">100</tcArgument>
        <tcArgument mnemonic="SYNC">0</tcArgument>
        <tcArgument mnemonic="TEXPIMS">62800</tcArgument>
        <tcArgument mnemonic="TEXPMS">6000</tcArgument>
        <tcArgument mnemonic="GAIN">0</tcArgument>
        <tcArgument mnemonic="NFLUSH">1023</tcArgument>
        <tcArgument mnemonic="NRSKIP">0</tcArgument>
        <tcArgument mnemonic="NRBIN">1</tcArgument>
        <tcArgument mnemonic="NROW">511</tcArgument>
        <tcArgument mnemonic="NCSKIP">0</tcArgument>
        <tcArgument mnemonic="NCBIN">1</tcArgument>
        <tcArgument mnemonic="NCOL">2047</tcArgument>
        <tcArgument mnemonic="NCBINFPGA">0</tcArgument>
        <tcArgument mnemonic="SIGMODE">1</tcArgument>
      </tcArguments>
    </command>
    <command mnemonic="TC_pafCCD">
      <relativeTime>3721</relativeTime>
      <comment>FFEXP_3000, 2022-11-09 08:00:00, , pointing_altitude = 92500, ExpTime = 6000, Snapshot_Limb_Pointing_macro</comment>
      <tcArguments>
        <tcArgument mnemonic="CCDSEL">8</tcArgument>
        <tcArgument mnemonic="PWR">1</tcArgument>
        <tcArgument mnemonic="WDW">7</tcArgument>
        <tcArgument mnemonic="JPEGQ">100</tcArgument>
        <tcArgument mnemonic="SYNC">0</tcArgument>
        <tcArgument mnemonic="TEXPIMS">62800</tcArgument>
        <tcArgument mnemonic="TEXPMS">6000</tcArgument>
        <tcArgument mnemonic="GAIN">0</tcArgument>
        <tcArgument mnemonic="NFLUSH">1023</tcArgument>
        <tcArgument mnemonic="NRSKIP">0</tcArgument>
        <tcArgument mnemonic="NRBIN">1</tcArgument>
        <tcArgument mnemonic="NROW">511</tcArgument>
        <tcArgument mnemonic="NCSKIP">0</tcArgument>
        <tcArgument mnemonic="NCBIN">1</tcArgument>
        <tcArgument mnemonic="NCOL">2047</tcArgument>
        <tcArgument mnemonic="NCBINFPGA">0</tcArgument>
        <tcArgument mnemonic="SIGMODE">1</tcArgument>
      </tcArguments>
    </command>
    <command mnemonic="TC_pafCCD">
      <relativeTime>3723</relativeTime>
      <comment>FFEXP_3000, 2022-11-09 08:00:00, , pointing_altitude = 92500, ExpTime = 6000, Snapshot_Limb_Pointing_macro</comment>
      <tcArguments>
        <tcArgument mnemonic="CCDSEL">2</tcArgument>
        <tcArgument mnemonic="PWR">1</tcArgument>
        <tcArgument mnemonic="WDW">7</tcArgument>
        <tcArgument mnemonic="JPEGQ">100</tcArgument>
        <tcArgument mnemonic="SYNC">0</tcArgument>
        <tcArgument mnemonic="TEXPIMS">62800</tcArgument>
        <tcArgument mnemonic="TEXPMS">6000</tcArgument>
        <tcArgument mnemonic="GAIN">0</tcArgument>
        <tcArgument mnemonic="NFLUSH">1023</tcArgument>
        <tcArgument mnemonic="NRSKIP">0</tcArgument>
        <tcArgument mnemonic="NRBIN">1</tcArgument>
        <tcArgument mnemonic="NROW">511</tcArgument>
        <tcArgument mnemonic="NCSKIP">0</tcArgument>
        <tcArgument mnemonic="NCBIN">1</tcArgument>
        <tcArgument mnemonic="NCOL">2047</tcArgument>
        <tcArgument mnemonic="NCBINFPGA">0</tcArgument>
        <tcArgument mnemonic="SIGMODE">1</tcArgument>
      </tcArguments>
    </command>
    <command mnemonic="TC_pafCCD">
      <relativeTime>3725</relativeTime>
      <comment>FFEXP_3000, 2022-11-09 08:00:00, , pointing_altitude = 92500, ExpTime = 6000, Snapshot_Limb_Pointing_macro</comment>
      <tcArguments>
        <tcArgument mnemonic="CCDSEL">4</tcArgument>
        <tcArgument mnemonic="PWR">1</tcArgument>
        <tcArgument mnemonic="WDW">7</tcArgument>
        <tcArgument mnemonic="JPEGQ">100</tcArgument>
        <tcArgument mnemonic="SYNC">0</tcArgument>
        <tcArgument mnemonic="TEXPIMS">62800</tcArgument>
        <tcArgument mnemonic="TEXPMS">6000</tcArgument>
        <tcArgument mnemonic="GAIN">0</tcArgument>
        <tcArgument mnemonic="NFLUSH">1023</tcArgument>
        <tcArgument mnemonic="NRSKIP">0</tcArgument>
        <tcArgument mnemonic="NRBIN">1</tcArgument>
        <tcArgument mnemonic="NROW">511</tcArgument>
        <tcArgument mnemonic="NCSKIP">0</tcArgument>
        <tcArgument mnemonic="NCBIN">1</tcArgument>
        <tcArgument mnemonic="NCOL">2047</tcArgument>
        <tcArgument mnemonic="NCBINFPGA">0</tcArgument>
        <tcArgument mnemonic="SIGMODE">1</tcArgument>
      </tcArguments>
    </command>
    <command mnemonic="TC_pafCCD">
      <relativeTime>3727</relativeTime>
      <comment>FFEXP_3000, 2022-11-09 08:00:00, , pointing_altitude = 92500, ExpTime = 6000, Snapshot_Limb_Pointing_macro</comment>
      <tcArguments>
        <tcArgument mnemonic="CCDSEL">64</tcArgument>
        <tcArgument mnemonic="PWR">1</tcArgument>
        <tcArgument mnemonic="WDW">7</tcArgument>
        <tcArgument mnemonic="JPEGQ">100</tcArgument>
        <tcArgument mnemonic="SYNC">0</tcArgument>
        <tcArgument mnemonic="TEXPIMS">62800</tcArgument>
        <tcArgument mnemonic="TEXPMS">6000</tcArgument>
        <tcArgument mnemonic="GAIN">0</tcArgument>
        <tcArgument mnemonic="NFLUSH">1023</tcArgument>
        <tcArgument mnemonic="NRSKIP">0</tcArgument>
        <tcArgument mnemonic="NRBIN">1</tcArgument>
        <tcArgument mnemonic="NROW">511</tcArgument>
        <tcArgument mnemonic="NCSKIP">0</tcArgument>
        <tcArgument mnemonic="NCBIN">1</tcArgument>
        <tcArgument mnemonic="NCOL">2047</tcArgument>
        <tcArgument mnemonic="NCBINFPGA">0</tcArgument>
        <tcArgument mnemonic="SIGMODE">1</tcArgument>
      </tcArguments>
    </command>
    <command mnemonic="TC_pafCCDSNAPSHOT">
      <relativeTime>3729</relativeTime>
      <comment>FFEXP_3000, 2022-11-09 08:00:00, , pointing_altitude = 92500, ExpTime = 6000, Snapshot_Limb_Pointing_macro</comment>
      <tcArguments>
        <tcArgument mnemonic="CCDSEL">16</tcArgument>
      </tcArguments>
    </command>
    <command mnemonic="TC_pafCCDSNAPSHOT">
      <relativeTime>3739</relativeTime>
      <comment>FFEXP_3000, 2022-11-09 08:00:00, , pointing_altitude = 92500, ExpTime = 6000, Snapshot_Limb_Pointing_macro</comment>
      <tcArguments>
        <tcArgument mnemonic="CCDSEL">32</tcArgument>
      </tcArguments>
    </command>
    <command mnemonic="TC_pafCCDSNAPSHOT">
      <relativeTime>3749</relativeTime>
      <comment>FFEXP_3000, 2022-11-09 08:00:00, , pointing_altitude = 92500, ExpTime = 6000, Snapshot_Limb_Pointing_macro</comment>
      <tcArguments>
        <tcArgument mnemonic="CCDSEL">1</tcArgument>
      </tcArguments>
    </command>
    <command mnemonic="TC_pafCCDSNAPSHOT">
      <relativeTime>3759</relativeTime>
      <comment>FFEXP_3000, 2022-11-09 08:00:00, , pointing_altitude = 92500, ExpTime = 6000, Snapshot_Limb_Pointing_macro</comment>
      <tcArguments>
        <tcArgument mnemonic="CCDSEL">8</tcArgument>
      </tcArguments>
    </command>
    <command mnemonic="TC_pafCCDSNAPSHOT">
      <relativeTime>3769</relativeTime>
      <comment>FFEXP_3000, 2022-11-09 08:00:00, , pointing_altitude = 92500, ExpTime = 6000, Snapshot_Limb_Pointing_macro</comment>
      <tcArguments>
        <tcArgument mnemonic="CCDSEL">2</tcArgument>
      </tcArguments>
    </command>
    <command mnemonic="TC_pafCCDSNAPSHOT">
      <relativeTime>3779</relativeTime>
      <comment>FFEXP_3000, 2022-11-09 08:00:00, , pointing_altitude = 92500, ExpTime = 6000, Snapshot_Limb_Pointing_macro</comment>
      <tcArguments>
        <tcArgument mnemonic="CCDSEL">4</tcArgument>
      </tcArguments>
    </command>
    <command mnemonic="TC_pafMODE">
      <relativeTime>3799</relativeTime>
      <comment>FFEXP_3000, 2022-11-09 08:00:00, , pointing_altitude = 92500, ExpTime = 6000, NadirSnapshot_Limb_Pointing_macro</comment>
      <tcArguments>
        <tcArgument mnemonic="MODE">2</tcArgument>
      </tcArguments>
    </command>
    <command mnemonic="TC_acfLimbPointingAltitudeOffset">
      <relativeTime>3801</relativeTime>
      <comment>FFEXP_3000, 2022-11-09 08:00:00, , pointing_altitude = 92500, ExpTime = 6000, NadirSnapshot_Limb_Pointing_macro</comment>
      <tcArguments>
        <tcArgument mnemonic="Initial">92500</tcArgument>
        <tcArgument mnemonic="Final">92500</tcArgument>
        <tcArgument mnemonic="Rate">0</tcArgument>
      </tcArguments>
    </command>
    <command mnemonic="TC_pafCCD">
      <relativeTime>3809</relativeTime>
      <comment>FFEXP_3000, 2022-11-09 08:00:00, , pointing_altitude = 92500, ExpTime = 6000, NadirSnapshot_Limb_Pointing_macro</comment>
      <tcArguments>
        <tcArgument mnemonic="CCDSEL">64</tcArgument>
        <tcArgument mnemonic="PWR">1</tcArgument>
        <tcArgument mnemonic="WDW">7</tcArgument>
        <tcArgument mnemonic="JPEGQ">100</tcArgument>
        <tcArgument mnemonic="SYNC">0</tcArgument>
        <tcArgument mnemonic="TEXPIMS">62800</tcArgument>
        <tcArgument mnemonic="TEXPMS">6000</tcArgument>
        <tcArgument mnemonic="GAIN">0</tcArgument>
        <tcArgument mnemonic="NFLUSH">1023</tcArgument>
        <tcArgument mnemonic="NRSKIP">0</tcArgument>
        <tcArgument mnemonic="NRBIN">1</tcArgument>
        <tcArgument mnemonic="NROW">511</tcArgument>
        <tcArgument mnemonic="NCSKIP">0</tcArgument>
        <tcArgument mnemonic="NCBIN">1</tcArgument>
        <tcArgument mnemonic="NCOL">2047</tcArgument>
        <tcArgument mnemonic="NCBINFPGA">0</tcArgument>
        <tcArgument mnemonic="SIGMODE">1</tcArgument>
      </tcArguments>
    </command>
    <command mnemonic="TC_pafCCDSNAPSHOT">
      <relativeTime>3811</relativeTime>
      <comment>FFEXP_3000, 2022-11-09 08:00:00, , pointing_altitude = 92500, ExpTime = 6000, NadirSnapshot_Limb_Pointing_macro</comment>
      <tcArguments>
        <tcArgument mnemonic="CCDSEL">64</tcArgument>
      </tcArguments>
    </command>
    <command mnemonic="TC_pafMODE">
      <relativeTime>3813</relativeTime>
      <comment>FFEXP_3000, 2022-11-09 08:00:00, , pointing_altitude = 92500, ExpTime = 9000, Snapshot_Limb_Pointing_macro</comment>
      <tcArguments>
        <tcArgument mnemonic="MODE">2</tcArgument>
      </tcArguments>
    </command>
    <command mnemonic="TC_acfLimbPointingAltitudeOffset">
      <relativeTime>3815</relativeTime>
      <comment>FFEXP_3000, 2022-11-09 08:00:00, , pointing_altitude = 92500, ExpTime = 9000, Snapshot_Limb_Pointing_macro</comment>
      <tcArguments>
        <tcArgument mnemonic="Initial">92500</tcArgument>
        <tcArgument mnemonic="Final">92500</tcArgument>
        <tcArgument mnemonic="Rate">0</tcArgument>
      </tcArguments>
    </command>
    <command mnemonic="TC_pafCCD">
      <relativeTime>3823</relativeTime>
      <comment>FFEXP_3000, 2022-11-09 08:00:00, , pointing_altitude = 92500, ExpTime = 9000, Snapshot_Limb_Pointing_macro</comment>
      <tcArguments>
        <tcArgument mnemonic="CCDSEL">16</tcArgument>
        <tcArgument mnemonic="PWR">1</tcArgument>
        <tcArgument mnemonic="WDW">7</tcArgument>
        <tcArgument mnemonic="JPEGQ">100</tcArgument>
        <tcArgument mnemonic="SYNC">0</tcArgument>
        <tcArgument mnemonic="TEXPIMS">62800</tcArgument>
        <tcArgument mnemonic="TEXPMS">9000</tcArgument>
        <tcArgument mnemonic="GAIN">0</tcArgument>
        <tcArgument mnemonic="NFLUSH">1023</tcArgument>
        <tcArgument mnemonic="NRSKIP">0</tcArgument>
        <tcArgument mnemonic="NRBIN">1</tcArgument>
        <tcArgument mnemonic="NROW">511</tcArgument>
        <tcArgument mnemonic="NCSKIP">0</tcArgument>
        <tcArgument mnemonic="NCBIN">1</tcArgument>
        <tcArgument mnemonic="NCOL">2047</tcArgument>
        <tcArgument mnemonic="NCBINFPGA">0</tcArgument>
        <tcArgument mnemonic="SIGMODE">1</tcArgument>
      </tcArguments>
    </command>
    <command mnemonic="TC_pafCCD">
      <relativeTime>3825</relativeTime>
      <comment>FFEXP_3000, 2022-11-09 08:00:00, , pointing_altitude = 92500, ExpTime = 9000, Snapshot_Limb_Pointing_macro</comment>
      <tcArguments>
        <tcArgument mnemonic="CCDSEL">32</tcArgument>
        <tcArgument mnemonic="PWR">1</tcArgument>
        <tcArgument mnemonic="WDW">7</tcArgument>
        <tcArgument mnemonic="JPEGQ">100</tcArgument>
        <tcArgument mnemonic="SYNC">0</tcArgument>
        <tcArgument mnemonic="TEXPIMS">62800</tcArgument>
        <tcArgument mnemonic="TEXPMS">9000</tcArgument>
        <tcArgument mnemonic="GAIN">0</tcArgument>
        <tcArgument mnemonic="NFLUSH">1023</tcArgument>
        <tcArgument mnemonic="NRSKIP">0</tcArgument>
        <tcArgument mnemonic="NRBIN">1</tcArgument>
        <tcArgument mnemonic="NROW">511</tcArgument>
        <tcArgument mnemonic="NCSKIP">0</tcArgument>
        <tcArgument mnemonic="NCBIN">1</tcArgument>
        <tcArgument mnemonic="NCOL">2047</tcArgument>
        <tcArgument mnemonic="NCBINFPGA">0</tcArgument>
        <tcArgument mnemonic="SIGMODE">1</tcArgument>
      </tcArguments>
    </command>
    <command mnemonic="TC_pafCCD">
      <relativeTime>3827</relativeTime>
      <comment>FFEXP_3000, 2022-11-09 08:00:00, , pointing_altitude = 92500, ExpTime = 9000, Snapshot_Limb_Pointing_macro</comment>
      <tcArguments>
        <tcArgument mnemonic="CCDSEL">1</tcArgument>
        <tcArgument mnemonic="PWR">1</tcArgument>
        <tcArgument mnemonic="WDW">7</tcArgument>
        <tcArgument mnemonic="JPEGQ">100</tcArgument>
        <tcArgument mnemonic="SYNC">0</tcArgument>
        <tcArgument mnemonic="TEXPIMS">62800</tcArgument>
        <tcArgument mnemonic="TEXPMS">9000</tcArgument>
        <tcArgument mnemonic="GAIN">0</tcArgument>
        <tcArgument mnemonic="NFLUSH">1023</tcArgument>
        <tcArgument mnemonic="NRSKIP">0</tcArgument>
        <tcArgument mnemonic="NRBIN">1</tcArgument>
        <tcArgument mnemonic="NROW">511</tcArgument>
        <tcArgument mnemonic="NCSKIP">0</tcArgument>
        <tcArgument mnemonic="NCBIN">1</tcArgument>
        <tcArgument mnemonic="NCOL">2047</tcArgument>
        <tcArgument mnemonic="NCBINFPGA">0</tcArgument>
        <tcArgument mnemonic="SIGMODE">1</tcArgument>
      </tcArguments>
    </command>
    <command mnemonic="TC_pafCCD">
      <relativeTime>3829</relativeTime>
      <comment>FFEXP_3000, 2022-11-09 08:00:00, , pointing_altitude = 92500, ExpTime = 9000, Snapshot_Limb_Pointing_macro</comment>
      <tcArguments>
        <tcArgument mnemonic="CCDSEL">8</tcArgument>
        <tcArgument mnemonic="PWR">1</tcArgument>
        <tcArgument mnemonic="WDW">7</tcArgument>
        <tcArgument mnemonic="JPEGQ">100</tcArgument>
        <tcArgument mnemonic="SYNC">0</tcArgument>
        <tcArgument mnemonic="TEXPIMS">62800</tcArgument>
        <tcArgument mnemonic="TEXPMS">9000</tcArgument>
        <tcArgument mnemonic="GAIN">0</tcArgument>
        <tcArgument mnemonic="NFLUSH">1023</tcArgument>
        <tcArgument mnemonic="NRSKIP">0</tcArgument>
        <tcArgument mnemonic="NRBIN">1</tcArgument>
        <tcArgument mnemonic="NROW">511</tcArgument>
        <tcArgument mnemonic="NCSKIP">0</tcArgument>
        <tcArgument mnemonic="NCBIN">1</tcArgument>
        <tcArgument mnemonic="NCOL">2047</tcArgument>
        <tcArgument mnemonic="NCBINFPGA">0</tcArgument>
        <tcArgument mnemonic="SIGMODE">1</tcArgument>
      </tcArguments>
    </command>
    <command mnemonic="TC_pafCCD">
      <relativeTime>3831</relativeTime>
      <comment>FFEXP_3000, 2022-11-09 08:00:00, , pointing_altitude = 92500, ExpTime = 9000, Snapshot_Limb_Pointing_macro</comment>
      <tcArguments>
        <tcArgument mnemonic="CCDSEL">2</tcArgument>
        <tcArgument mnemonic="PWR">1</tcArgument>
        <tcArgument mnemonic="WDW">7</tcArgument>
        <tcArgument mnemonic="JPEGQ">100</tcArgument>
        <tcArgument mnemonic="SYNC">0</tcArgument>
        <tcArgument mnemonic="TEXPIMS">62800</tcArgument>
        <tcArgument mnemonic="TEXPMS">9000</tcArgument>
        <tcArgument mnemonic="GAIN">0</tcArgument>
        <tcArgument mnemonic="NFLUSH">1023</tcArgument>
        <tcArgument mnemonic="NRSKIP">0</tcArgument>
        <tcArgument mnemonic="NRBIN">1</tcArgument>
        <tcArgument mnemonic="NROW">511</tcArgument>
        <tcArgument mnemonic="NCSKIP">0</tcArgument>
        <tcArgument mnemonic="NCBIN">1</tcArgument>
        <tcArgument mnemonic="NCOL">2047</tcArgument>
        <tcArgument mnemonic="NCBINFPGA">0</tcArgument>
        <tcArgument mnemonic="SIGMODE">1</tcArgument>
      </tcArguments>
    </command>
    <command mnemonic="TC_pafCCD">
      <relativeTime>3833</relativeTime>
      <comment>FFEXP_3000, 2022-11-09 08:00:00, , pointing_altitude = 92500, ExpTime = 9000, Snapshot_Limb_Pointing_macro</comment>
      <tcArguments>
        <tcArgument mnemonic="CCDSEL">4</tcArgument>
        <tcArgument mnemonic="PWR">1</tcArgument>
        <tcArgument mnemonic="WDW">7</tcArgument>
        <tcArgument mnemonic="JPEGQ">100</tcArgument>
        <tcArgument mnemonic="SYNC">0</tcArgument>
        <tcArgument mnemonic="TEXPIMS">62800</tcArgument>
        <tcArgument mnemonic="TEXPMS">9000</tcArgument>
        <tcArgument mnemonic="GAIN">0</tcArgument>
        <tcArgument mnemonic="NFLUSH">1023</tcArgument>
        <tcArgument mnemonic="NRSKIP">0</tcArgument>
        <tcArgument mnemonic="NRBIN">1</tcArgument>
        <tcArgument mnemonic="NROW">511</tcArgument>
        <tcArgument mnemonic="NCSKIP">0</tcArgument>
        <tcArgument mnemonic="NCBIN">1</tcArgument>
        <tcArgument mnemonic="NCOL">2047</tcArgument>
        <tcArgument mnemonic="NCBINFPGA">0</tcArgument>
        <tcArgument mnemonic="SIGMODE">1</tcArgument>
      </tcArguments>
    </command>
    <command mnemonic="TC_pafCCD">
      <relativeTime>3835</relativeTime>
      <comment>FFEXP_3000, 2022-11-09 08:00:00, , pointing_altitude = 92500, ExpTime = 9000, Snapshot_Limb_Pointing_macro</comment>
      <tcArguments>
        <tcArgument mnemonic="CCDSEL">64</tcArgument>
        <tcArgument mnemonic="PWR">1</tcArgument>
        <tcArgument mnemonic="WDW">7</tcArgument>
        <tcArgument mnemonic="JPEGQ">100</tcArgument>
        <tcArgument mnemonic="SYNC">0</tcArgument>
        <tcArgument mnemonic="TEXPIMS">62800</tcArgument>
        <tcArgument mnemonic="TEXPMS">9000</tcArgument>
        <tcArgument mnemonic="GAIN">0</tcArgument>
        <tcArgument mnemonic="NFLUSH">1023</tcArgument>
        <tcArgument mnemonic="NRSKIP">0</tcArgument>
        <tcArgument mnemonic="NRBIN">1</tcArgument>
        <tcArgument mnemonic="NROW">511</tcArgument>
        <tcArgument mnemonic="NCSKIP">0</tcArgument>
        <tcArgument mnemonic="NCBIN">1</tcArgument>
        <tcArgument mnemonic="NCOL">2047</tcArgument>
        <tcArgument mnemonic="NCBINFPGA">0</tcArgument>
        <tcArgument mnemonic="SIGMODE">1</tcArgument>
      </tcArguments>
    </command>
    <command mnemonic="TC_pafCCDSNAPSHOT">
      <relativeTime>3837</relativeTime>
      <comment>FFEXP_3000, 2022-11-09 08:00:00, , pointing_altitude = 92500, ExpTime = 9000, Snapshot_Limb_Pointing_macro</comment>
      <tcArguments>
        <tcArgument mnemonic="CCDSEL">16</tcArgument>
      </tcArguments>
    </command>
    <command mnemonic="TC_pafCCDSNAPSHOT">
      <relativeTime>3847</relativeTime>
      <comment>FFEXP_3000, 2022-11-09 08:00:00, , pointing_altitude = 92500, ExpTime = 9000, Snapshot_Limb_Pointing_macro</comment>
      <tcArguments>
        <tcArgument mnemonic="CCDSEL">32</tcArgument>
      </tcArguments>
    </command>
    <command mnemonic="TC_pafCCDSNAPSHOT">
      <relativeTime>3857</relativeTime>
      <comment>FFEXP_3000, 2022-11-09 08:00:00, , pointing_altitude = 92500, ExpTime = 9000, Snapshot_Limb_Pointing_macro</comment>
      <tcArguments>
        <tcArgument mnemonic="CCDSEL">1</tcArgument>
      </tcArguments>
    </command>
    <command mnemonic="TC_pafCCDSNAPSHOT">
      <relativeTime>3867</relativeTime>
      <comment>FFEXP_3000, 2022-11-09 08:00:00, , pointing_altitude = 92500, ExpTime = 9000, Snapshot_Limb_Pointing_macro</comment>
      <tcArguments>
        <tcArgument mnemonic="CCDSEL">8</tcArgument>
      </tcArguments>
    </command>
    <command mnemonic="TC_pafCCDSNAPSHOT">
      <relativeTime>3877</relativeTime>
      <comment>FFEXP_3000, 2022-11-09 08:00:00, , pointing_altitude = 92500, ExpTime = 9000, Snapshot_Limb_Pointing_macro</comment>
      <tcArguments>
        <tcArgument mnemonic="CCDSEL">2</tcArgument>
      </tcArguments>
    </command>
    <command mnemonic="TC_pafCCDSNAPSHOT">
      <relativeTime>3887</relativeTime>
      <comment>FFEXP_3000, 2022-11-09 08:00:00, , pointing_altitude = 92500, ExpTime = 9000, Snapshot_Limb_Pointing_macro</comment>
      <tcArguments>
        <tcArgument mnemonic="CCDSEL">4</tcArgument>
      </tcArguments>
    </command>
    <command mnemonic="TC_pafMODE">
      <relativeTime>3907</relativeTime>
      <comment>FFEXP_3000, 2022-11-09 08:00:00, , pointing_altitude = 92500, ExpTime = 9000, NadirSnapshot_Limb_Pointing_macro</comment>
      <tcArguments>
        <tcArgument mnemonic="MODE">2</tcArgument>
      </tcArguments>
    </command>
    <command mnemonic="TC_acfLimbPointingAltitudeOffset">
      <relativeTime>3909</relativeTime>
      <comment>FFEXP_3000, 2022-11-09 08:00:00, , pointing_altitude = 92500, ExpTime = 9000, NadirSnapshot_Limb_Pointing_macro</comment>
      <tcArguments>
        <tcArgument mnemonic="Initial">92500</tcArgument>
        <tcArgument mnemonic="Final">92500</tcArgument>
        <tcArgument mnemonic="Rate">0</tcArgument>
      </tcArguments>
    </command>
    <command mnemonic="TC_pafCCD">
      <relativeTime>3920</relativeTime>
      <comment>FFEXP_3000, 2022-11-09 08:00:00, , pointing_altitude = 92500, ExpTime = 9000, NadirSnapshot_Limb_Pointing_macro</comment>
      <tcArguments>
        <tcArgument mnemonic="CCDSEL">64</tcArgument>
        <tcArgument mnemonic="PWR">1</tcArgument>
        <tcArgument mnemonic="WDW">7</tcArgument>
        <tcArgument mnemonic="JPEGQ">100</tcArgument>
        <tcArgument mnemonic="SYNC">0</tcArgument>
        <tcArgument mnemonic="TEXPIMS">62800</tcArgument>
        <tcArgument mnemonic="TEXPMS">9000</tcArgument>
        <tcArgument mnemonic="GAIN">0</tcArgument>
        <tcArgument mnemonic="NFLUSH">1023</tcArgument>
        <tcArgument mnemonic="NRSKIP">0</tcArgument>
        <tcArgument mnemonic="NRBIN">1</tcArgument>
        <tcArgument mnemonic="NROW">511</tcArgument>
        <tcArgument mnemonic="NCSKIP">0</tcArgument>
        <tcArgument mnemonic="NCBIN">1</tcArgument>
        <tcArgument mnemonic="NCOL">2047</tcArgument>
        <tcArgument mnemonic="NCBINFPGA">0</tcArgument>
        <tcArgument mnemonic="SIGMODE">1</tcArgument>
      </tcArguments>
    </command>
    <command mnemonic="TC_pafCCDSNAPSHOT">
      <relativeTime>3922</relativeTime>
      <comment>FFEXP_3000, 2022-11-09 08:00:00, , pointing_altitude = 92500, ExpTime = 9000, NadirSnapshot_Limb_Pointing_macro</comment>
      <tcArguments>
        <tcArgument mnemonic="CCDSEL">64</tcArgument>
      </tcArguments>
    </command>
  </listOfCommands>
</InnoSatTimeline>
