<InnoSatTimeline originator="OHB" sdbVersion="9.5.99.2">
  <description>
    <timelineID procedureIdentifier="3020" descriptiveName="202211092022110301FFDAR" version="01"/>
    <changeLog>
      <changeLogItem version="01" date="2022-11-03" author="OMC">The file was created using OPT</changeLogItem>
    </changeLog>
    <validity>
      <startingDate>2022-11-09T11:00:00</startingDate>
      <scenarioDuration>7200</scenarioDuration>
    </validity>
    <comment>This command sequence is an Innosat timeline for MATS created with OPT. Science Mode Timeline used to generate: data/early_harvest/Science_Mode_Timeline_3020_22110922110301TFFDAR.json, Configuration File used: data/early_harvest/configfile_3020_FFDAR.json</comment>
  </description>
  <listOfCommands>
    <procedure id="FCP-MTS-0035_Payload_Power_Toggle">
      <relativeTime>0</relativeTime>
      <comment>Payload_Power_Toggle, 2022/11/9 11:00:00</comment>
      <parameters/>
    </procedure>
    <command mnemonic="TC_acfArgEnableYawComp">
      <relativeTime>45</relativeTime>
      <comment>2022/11/9 11:00:45</comment>
      <tcArguments>
        <tcArgument mnemonic="EnableYawComp">0</tcArgument>
      </tcArguments>
    </command>
    <command mnemonic="TC_pafCCDFlushBadColumns">
      <relativeTime>90</relativeTime>
      <comment>2022/11/9 11:01:30</comment>
      <tcArguments>
        <tcArgument mnemonic="CCDSEL">127</tcArgument>
      </tcArguments>
    </command>
    <command mnemonic="TC_pafCCDBadColumn">
      <relativeTime>135</relativeTime>
      <comment>2022/11/9 11:02:15</comment>
      <tcArguments>
        <tcArgument mnemonic="CCDSEL">1</tcArgument>
        <tcArgument mnemonic="NBC">0</tcArgument>
      </tcArguments>
    </command>
    <command mnemonic="TC_pafCCDBIAS">
      <relativeTime>180</relativeTime>
      <comment>2022/11/9 11:03:00</comment>
      <tcArguments>
        <tcArgument mnemonic="CCDSEL">127</tcArgument>
        <tcArgument mnemonic="VGATE">0</tcArgument>
        <tcArgument mnemonic="VSUBST">128</tcArgument>
        <tcArgument mnemonic="VRD">126</tcArgument>
        <tcArgument mnemonic="VOD">100</tcArgument>
      </tcArguments>
    </command>
    <command mnemonic="TC_pafPM">
      <relativeTime>225</relativeTime>
      <comment>2022/11/9 11:03:45</comment>
      <tcArguments>
        <tcArgument mnemonic="TEXPMS">1500</tcArgument>
        <tcArgument mnemonic="TEXPIMS">2000</tcArgument>
      </tcArguments>
    </command>
    <command mnemonic="TC_pafCCD">
      <relativeTime>270</relativeTime>
      <comment>TurnONCCDs, 2022/11/9 11:04:30</comment>
      <tcArguments>
        <tcArgument mnemonic="CCDSEL">127</tcArgument>
        <tcArgument mnemonic="PWR">1</tcArgument>
        <tcArgument mnemonic="WDW">7</tcArgument>
        <tcArgument mnemonic="JPEGQ">100</tcArgument>
        <tcArgument mnemonic="SYNC">0</tcArgument>
        <tcArgument mnemonic="TEXPIMS">6000</tcArgument>
        <tcArgument mnemonic="TEXPMS">0</tcArgument>
        <tcArgument mnemonic="GAIN">0</tcArgument>
        <tcArgument mnemonic="NFLUSH">1023</tcArgument>
        <tcArgument mnemonic="NRSKIP">0</tcArgument>
        <tcArgument mnemonic="NRBIN">1</tcArgument>
        <tcArgument mnemonic="NROW">1</tcArgument>
        <tcArgument mnemonic="NCSKIP">0</tcArgument>
        <tcArgument mnemonic="NCBIN">1</tcArgument>
        <tcArgument mnemonic="NCOL">1</tcArgument>
        <tcArgument mnemonic="NCBINFPGA">0</tcArgument>
        <tcArgument mnemonic="SIGMODE">1</tcArgument>
      </tcArguments>
    </command>
    <command mnemonic="TC_pafMODE">
      <relativeTime>1200</relativeTime>
      <comment>FFEXP_3000, 2022-11-09 11:20:00, , pointing_altitude = 200000, ExpTime = 5000, Snapshot_Limb_Pointing_macro</comment>
      <tcArguments>
        <tcArgument mnemonic="MODE">2</tcArgument>
      </tcArguments>
    </command>
    <command mnemonic="TC_acfLimbPointingAltitudeOffset">
      <relativeTime>1202</relativeTime>
      <comment>FFEXP_3000, 2022-11-09 11:20:00, , pointing_altitude = 200000, ExpTime = 5000, Snapshot_Limb_Pointing_macro</comment>
      <tcArguments>
        <tcArgument mnemonic="Initial">200000</tcArgument>
        <tcArgument mnemonic="Final">200000</tcArgument>
        <tcArgument mnemonic="Rate">0</tcArgument>
      </tcArguments>
    </command>
    <command mnemonic="TC_pafCCD">
      <relativeTime>1302</relativeTime>
      <comment>FFEXP_3000, 2022-11-09 11:20:00, , pointing_altitude = 200000, ExpTime = 5000, Snapshot_Limb_Pointing_macro</comment>
      <tcArguments>
        <tcArgument mnemonic="CCDSEL">16</tcArgument>
        <tcArgument mnemonic="PWR">1</tcArgument>
        <tcArgument mnemonic="WDW">7</tcArgument>
        <tcArgument mnemonic="JPEGQ">100</tcArgument>
        <tcArgument mnemonic="SYNC">0</tcArgument>
        <tcArgument mnemonic="TEXPIMS">62800</tcArgument>
        <tcArgument mnemonic="TEXPMS">5000</tcArgument>
        <tcArgument mnemonic="GAIN">0</tcArgument>
        <tcArgument mnemonic="NFLUSH">1023</tcArgument>
        <tcArgument mnemonic="NRSKIP">0</tcArgument>
        <tcArgument mnemonic="NRBIN">1</tcArgument>
        <tcArgument mnemonic="NROW">511</tcArgument>
        <tcArgument mnemonic="NCSKIP">0</tcArgument>
        <tcArgument mnemonic="NCBIN">1</tcArgument>
        <tcArgument mnemonic="NCOL">2047</tcArgument>
        <tcArgument mnemonic="NCBINFPGA">0</tcArgument>
        <tcArgument mnemonic="SIGMODE">1</tcArgument>
      </tcArguments>
    </command>
    <command mnemonic="TC_pafCCD">
      <relativeTime>1304</relativeTime>
      <comment>FFEXP_3000, 2022-11-09 11:20:00, , pointing_altitude = 200000, ExpTime = 5000, Snapshot_Limb_Pointing_macro</comment>
      <tcArguments>
        <tcArgument mnemonic="CCDSEL">32</tcArgument>
        <tcArgument mnemonic="PWR">1</tcArgument>
        <tcArgument mnemonic="WDW">7</tcArgument>
        <tcArgument mnemonic="JPEGQ">100</tcArgument>
        <tcArgument mnemonic="SYNC">0</tcArgument>
        <tcArgument mnemonic="TEXPIMS">62800</tcArgument>
        <tcArgument mnemonic="TEXPMS">5000</tcArgument>
        <tcArgument mnemonic="GAIN">0</tcArgument>
        <tcArgument mnemonic="NFLUSH">1023</tcArgument>
        <tcArgument mnemonic="NRSKIP">0</tcArgument>
        <tcArgument mnemonic="NRBIN">1</tcArgument>
        <tcArgument mnemonic="NROW">511</tcArgument>
        <tcArgument mnemonic="NCSKIP">0</tcArgument>
        <tcArgument mnemonic="NCBIN">1</tcArgument>
        <tcArgument mnemonic="NCOL">2047</tcArgument>
        <tcArgument mnemonic="NCBINFPGA">0</tcArgument>
        <tcArgument mnemonic="SIGMODE">1</tcArgument>
      </tcArguments>
    </command>
    <command mnemonic="TC_pafCCD">
      <relativeTime>1306</relativeTime>
      <comment>FFEXP_3000, 2022-11-09 11:20:00, , pointing_altitude = 200000, ExpTime = 5000, Snapshot_Limb_Pointing_macro</comment>
      <tcArguments>
        <tcArgument mnemonic="CCDSEL">1</tcArgument>
        <tcArgument mnemonic="PWR">1</tcArgument>
        <tcArgument mnemonic="WDW">7</tcArgument>
        <tcArgument mnemonic="JPEGQ">100</tcArgument>
        <tcArgument mnemonic="SYNC">0</tcArgument>
        <tcArgument mnemonic="TEXPIMS">62800</tcArgument>
        <tcArgument mnemonic="TEXPMS">5000</tcArgument>
        <tcArgument mnemonic="GAIN">0</tcArgument>
        <tcArgument mnemonic="NFLUSH">1023</tcArgument>
        <tcArgument mnemonic="NRSKIP">0</tcArgument>
        <tcArgument mnemonic="NRBIN">1</tcArgument>
        <tcArgument mnemonic="NROW">511</tcArgument>
        <tcArgument mnemonic="NCSKIP">0</tcArgument>
        <tcArgument mnemonic="NCBIN">1</tcArgument>
        <tcArgument mnemonic="NCOL">2047</tcArgument>
        <tcArgument mnemonic="NCBINFPGA">0</tcArgument>
        <tcArgument mnemonic="SIGMODE">1</tcArgument>
      </tcArguments>
    </command>
    <command mnemonic="TC_pafCCD">
      <relativeTime>1308</relativeTime>
      <comment>FFEXP_3000, 2022-11-09 11:20:00, , pointing_altitude = 200000, ExpTime = 5000, Snapshot_Limb_Pointing_macro</comment>
      <tcArguments>
        <tcArgument mnemonic="CCDSEL">8</tcArgument>
        <tcArgument mnemonic="PWR">1</tcArgument>
        <tcArgument mnemonic="WDW">7</tcArgument>
        <tcArgument mnemonic="JPEGQ">100</tcArgument>
        <tcArgument mnemonic="SYNC">0</tcArgument>
        <tcArgument mnemonic="TEXPIMS">62800</tcArgument>
        <tcArgument mnemonic="TEXPMS">5000</tcArgument>
        <tcArgument mnemonic="GAIN">0</tcArgument>
        <tcArgument mnemonic="NFLUSH">1023</tcArgument>
        <tcArgument mnemonic="NRSKIP">0</tcArgument>
        <tcArgument mnemonic="NRBIN">1</tcArgument>
        <tcArgument mnemonic="NROW">511</tcArgument>
        <tcArgument mnemonic="NCSKIP">0</tcArgument>
        <tcArgument mnemonic="NCBIN">1</tcArgument>
        <tcArgument mnemonic="NCOL">2047</tcArgument>
        <tcArgument mnemonic="NCBINFPGA">0</tcArgument>
        <tcArgument mnemonic="SIGMODE">1</tcArgument>
      </tcArguments>
    </command>
    <command mnemonic="TC_pafCCD">
      <relativeTime>1310</relativeTime>
      <comment>FFEXP_3000, 2022-11-09 11:20:00, , pointing_altitude = 200000, ExpTime = 5000, Snapshot_Limb_Pointing_macro</comment>
      <tcArguments>
        <tcArgument mnemonic="CCDSEL">2</tcArgument>
        <tcArgument mnemonic="PWR">1</tcArgument>
        <tcArgument mnemonic="WDW">7</tcArgument>
        <tcArgument mnemonic="JPEGQ">100</tcArgument>
        <tcArgument mnemonic="SYNC">0</tcArgument>
        <tcArgument mnemonic="TEXPIMS">62800</tcArgument>
        <tcArgument mnemonic="TEXPMS">5000</tcArgument>
        <tcArgument mnemonic="GAIN">0</tcArgument>
        <tcArgument mnemonic="NFLUSH">1023</tcArgument>
        <tcArgument mnemonic="NRSKIP">0</tcArgument>
        <tcArgument mnemonic="NRBIN">1</tcArgument>
        <tcArgument mnemonic="NROW">511</tcArgument>
        <tcArgument mnemonic="NCSKIP">0</tcArgument>
        <tcArgument mnemonic="NCBIN">1</tcArgument>
        <tcArgument mnemonic="NCOL">2047</tcArgument>
        <tcArgument mnemonic="NCBINFPGA">0</tcArgument>
        <tcArgument mnemonic="SIGMODE">1</tcArgument>
      </tcArguments>
    </command>
    <command mnemonic="TC_pafCCD">
      <relativeTime>1312</relativeTime>
      <comment>FFEXP_3000, 2022-11-09 11:20:00, , pointing_altitude = 200000, ExpTime = 5000, Snapshot_Limb_Pointing_macro</comment>
      <tcArguments>
        <tcArgument mnemonic="CCDSEL">4</tcArgument>
        <tcArgument mnemonic="PWR">1</tcArgument>
        <tcArgument mnemonic="WDW">7</tcArgument>
        <tcArgument mnemonic="JPEGQ">100</tcArgument>
        <tcArgument mnemonic="SYNC">0</tcArgument>
        <tcArgument mnemonic="TEXPIMS">62800</tcArgument>
        <tcArgument mnemonic="TEXPMS">5000</tcArgument>
        <tcArgument mnemonic="GAIN">0</tcArgument>
        <tcArgument mnemonic="NFLUSH">1023</tcArgument>
        <tcArgument mnemonic="NRSKIP">0</tcArgument>
        <tcArgument mnemonic="NRBIN">1</tcArgument>
        <tcArgument mnemonic="NROW">511</tcArgument>
        <tcArgument mnemonic="NCSKIP">0</tcArgument>
        <tcArgument mnemonic="NCBIN">1</tcArgument>
        <tcArgument mnemonic="NCOL">2047</tcArgument>
        <tcArgument mnemonic="NCBINFPGA">0</tcArgument>
        <tcArgument mnemonic="SIGMODE">1</tcArgument>
      </tcArguments>
    </command>
    <command mnemonic="TC_pafCCD">
      <relativeTime>1314</relativeTime>
      <comment>FFEXP_3000, 2022-11-09 11:20:00, , pointing_altitude = 200000, ExpTime = 5000, Snapshot_Limb_Pointing_macro</comment>
      <tcArguments>
        <tcArgument mnemonic="CCDSEL">64</tcArgument>
        <tcArgument mnemonic="PWR">1</tcArgument>
        <tcArgument mnemonic="WDW">7</tcArgument>
        <tcArgument mnemonic="JPEGQ">100</tcArgument>
        <tcArgument mnemonic="SYNC">0</tcArgument>
        <tcArgument mnemonic="TEXPIMS">62800</tcArgument>
        <tcArgument mnemonic="TEXPMS">5000</tcArgument>
        <tcArgument mnemonic="GAIN">0</tcArgument>
        <tcArgument mnemonic="NFLUSH">1023</tcArgument>
        <tcArgument mnemonic="NRSKIP">0</tcArgument>
        <tcArgument mnemonic="NRBIN">1</tcArgument>
        <tcArgument mnemonic="NROW">511</tcArgument>
        <tcArgument mnemonic="NCSKIP">0</tcArgument>
        <tcArgument mnemonic="NCBIN">1</tcArgument>
        <tcArgument mnemonic="NCOL">2047</tcArgument>
        <tcArgument mnemonic="NCBINFPGA">0</tcArgument>
        <tcArgument mnemonic="SIGMODE">1</tcArgument>
      </tcArguments>
    </command>
    <command mnemonic="TC_pafCCDSNAPSHOT">
      <relativeTime>1316</relativeTime>
      <comment>FFEXP_3000, 2022-11-09 11:20:00, , pointing_altitude = 200000, ExpTime = 5000, Snapshot_Limb_Pointing_macro</comment>
      <tcArguments>
        <tcArgument mnemonic="CCDSEL">16</tcArgument>
      </tcArguments>
    </command>
    <command mnemonic="TC_pafCCDSNAPSHOT">
      <relativeTime>1326</relativeTime>
      <comment>FFEXP_3000, 2022-11-09 11:20:00, , pointing_altitude = 200000, ExpTime = 5000, Snapshot_Limb_Pointing_macro</comment>
      <tcArguments>
        <tcArgument mnemonic="CCDSEL">32</tcArgument>
      </tcArguments>
    </command>
    <command mnemonic="TC_pafCCDSNAPSHOT">
      <relativeTime>1336</relativeTime>
      <comment>FFEXP_3000, 2022-11-09 11:20:00, , pointing_altitude = 200000, ExpTime = 5000, Snapshot_Limb_Pointing_macro</comment>
      <tcArguments>
        <tcArgument mnemonic="CCDSEL">1</tcArgument>
      </tcArguments>
    </command>
    <command mnemonic="TC_pafCCDSNAPSHOT">
      <relativeTime>1346</relativeTime>
      <comment>FFEXP_3000, 2022-11-09 11:20:00, , pointing_altitude = 200000, ExpTime = 5000, Snapshot_Limb_Pointing_macro</comment>
      <tcArguments>
        <tcArgument mnemonic="CCDSEL">8</tcArgument>
      </tcArguments>
    </command>
    <command mnemonic="TC_pafCCDSNAPSHOT">
      <relativeTime>1356</relativeTime>
      <comment>FFEXP_3000, 2022-11-09 11:20:00, , pointing_altitude = 200000, ExpTime = 5000, Snapshot_Limb_Pointing_macro</comment>
      <tcArguments>
        <tcArgument mnemonic="CCDSEL">2</tcArgument>
      </tcArguments>
    </command>
    <command mnemonic="TC_pafCCDSNAPSHOT">
      <relativeTime>1366</relativeTime>
      <comment>FFEXP_3000, 2022-11-09 11:20:00, , pointing_altitude = 200000, ExpTime = 5000, Snapshot_Limb_Pointing_macro</comment>
      <tcArguments>
        <tcArgument mnemonic="CCDSEL">4</tcArgument>
      </tcArguments>
    </command>
    <command mnemonic="TC_pafMODE">
      <relativeTime>1386</relativeTime>
      <comment>FFEXP_3000, 2022-11-09 11:20:00, , pointing_altitude = 200000, ExpTime = 5000, NadirSnapshot_Limb_Pointing_macro</comment>
      <tcArguments>
        <tcArgument mnemonic="MODE">2</tcArgument>
      </tcArguments>
    </command>
    <command mnemonic="TC_acfLimbPointingAltitudeOffset">
      <relativeTime>1388</relativeTime>
      <comment>FFEXP_3000, 2022-11-09 11:20:00, , pointing_altitude = 200000, ExpTime = 5000, NadirSnapshot_Limb_Pointing_macro</comment>
      <tcArguments>
        <tcArgument mnemonic="Initial">200000</tcArgument>
        <tcArgument mnemonic="Final">200000</tcArgument>
        <tcArgument mnemonic="Rate">0</tcArgument>
      </tcArguments>
    </command>
    <command mnemonic="TC_pafCCD">
      <relativeTime>1395</relativeTime>
      <comment>FFEXP_3000, 2022-11-09 11:20:00, , pointing_altitude = 200000, ExpTime = 5000, NadirSnapshot_Limb_Pointing_macro</comment>
      <tcArguments>
        <tcArgument mnemonic="CCDSEL">64</tcArgument>
        <tcArgument mnemonic="PWR">1</tcArgument>
        <tcArgument mnemonic="WDW">7</tcArgument>
        <tcArgument mnemonic="JPEGQ">100</tcArgument>
        <tcArgument mnemonic="SYNC">0</tcArgument>
        <tcArgument mnemonic="TEXPIMS">62800</tcArgument>
        <tcArgument mnemonic="TEXPMS">5000</tcArgument>
        <tcArgument mnemonic="GAIN">0</tcArgument>
        <tcArgument mnemonic="NFLUSH">1023</tcArgument>
        <tcArgument mnemonic="NRSKIP">0</tcArgument>
        <tcArgument mnemonic="NRBIN">1</tcArgument>
        <tcArgument mnemonic="NROW">511</tcArgument>
        <tcArgument mnemonic="NCSKIP">0</tcArgument>
        <tcArgument mnemonic="NCBIN">1</tcArgument>
        <tcArgument mnemonic="NCOL">2047</tcArgument>
        <tcArgument mnemonic="NCBINFPGA">0</tcArgument>
        <tcArgument mnemonic="SIGMODE">1</tcArgument>
      </tcArguments>
    </command>
    <command mnemonic="TC_pafCCDSNAPSHOT">
      <relativeTime>1397</relativeTime>
      <comment>FFEXP_3000, 2022-11-09 11:20:00, , pointing_altitude = 200000, ExpTime = 5000, NadirSnapshot_Limb_Pointing_macro</comment>
      <tcArguments>
        <tcArgument mnemonic="CCDSEL">64</tcArgument>
      </tcArguments>
    </command>
    <command mnemonic="TC_pafMODE">
      <relativeTime>1399</relativeTime>
      <comment>FFEXP_3000, 2022-11-09 11:20:00, , pointing_altitude = 200000, ExpTime = 15000, Snapshot_Limb_Pointing_macro</comment>
      <tcArguments>
        <tcArgument mnemonic="MODE">2</tcArgument>
      </tcArguments>
    </command>
    <command mnemonic="TC_acfLimbPointingAltitudeOffset">
      <relativeTime>1401</relativeTime>
      <comment>FFEXP_3000, 2022-11-09 11:20:00, , pointing_altitude = 200000, ExpTime = 15000, Snapshot_Limb_Pointing_macro</comment>
      <tcArguments>
        <tcArgument mnemonic="Initial">200000</tcArgument>
        <tcArgument mnemonic="Final">200000</tcArgument>
        <tcArgument mnemonic="Rate">0</tcArgument>
      </tcArguments>
    </command>
    <command mnemonic="TC_pafCCD">
      <relativeTime>1408</relativeTime>
      <comment>FFEXP_3000, 2022-11-09 11:20:00, , pointing_altitude = 200000, ExpTime = 15000, Snapshot_Limb_Pointing_macro</comment>
      <tcArguments>
        <tcArgument mnemonic="CCDSEL">16</tcArgument>
        <tcArgument mnemonic="PWR">1</tcArgument>
        <tcArgument mnemonic="WDW">7</tcArgument>
        <tcArgument mnemonic="JPEGQ">100</tcArgument>
        <tcArgument mnemonic="SYNC">0</tcArgument>
        <tcArgument mnemonic="TEXPIMS">62800</tcArgument>
        <tcArgument mnemonic="TEXPMS">15000</tcArgument>
        <tcArgument mnemonic="GAIN">0</tcArgument>
        <tcArgument mnemonic="NFLUSH">1023</tcArgument>
        <tcArgument mnemonic="NRSKIP">0</tcArgument>
        <tcArgument mnemonic="NRBIN">1</tcArgument>
        <tcArgument mnemonic="NROW">511</tcArgument>
        <tcArgument mnemonic="NCSKIP">0</tcArgument>
        <tcArgument mnemonic="NCBIN">1</tcArgument>
        <tcArgument mnemonic="NCOL">2047</tcArgument>
        <tcArgument mnemonic="NCBINFPGA">0</tcArgument>
        <tcArgument mnemonic="SIGMODE">1</tcArgument>
      </tcArguments>
    </command>
    <command mnemonic="TC_pafCCD">
      <relativeTime>1410</relativeTime>
      <comment>FFEXP_3000, 2022-11-09 11:20:00, , pointing_altitude = 200000, ExpTime = 15000, Snapshot_Limb_Pointing_macro</comment>
      <tcArguments>
        <tcArgument mnemonic="CCDSEL">32</tcArgument>
        <tcArgument mnemonic="PWR">1</tcArgument>
        <tcArgument mnemonic="WDW">7</tcArgument>
        <tcArgument mnemonic="JPEGQ">100</tcArgument>
        <tcArgument mnemonic="SYNC">0</tcArgument>
        <tcArgument mnemonic="TEXPIMS">62800</tcArgument>
        <tcArgument mnemonic="TEXPMS">15000</tcArgument>
        <tcArgument mnemonic="GAIN">0</tcArgument>
        <tcArgument mnemonic="NFLUSH">1023</tcArgument>
        <tcArgument mnemonic="NRSKIP">0</tcArgument>
        <tcArgument mnemonic="NRBIN">1</tcArgument>
        <tcArgument mnemonic="NROW">511</tcArgument>
        <tcArgument mnemonic="NCSKIP">0</tcArgument>
        <tcArgument mnemonic="NCBIN">1</tcArgument>
        <tcArgument mnemonic="NCOL">2047</tcArgument>
        <tcArgument mnemonic="NCBINFPGA">0</tcArgument>
        <tcArgument mnemonic="SIGMODE">1</tcArgument>
      </tcArguments>
    </command>
    <command mnemonic="TC_pafCCD">
      <relativeTime>1412</relativeTime>
      <comment>FFEXP_3000, 2022-11-09 11:20:00, , pointing_altitude = 200000, ExpTime = 15000, Snapshot_Limb_Pointing_macro</comment>
      <tcArguments>
        <tcArgument mnemonic="CCDSEL">1</tcArgument>
        <tcArgument mnemonic="PWR">1</tcArgument>
        <tcArgument mnemonic="WDW">7</tcArgument>
        <tcArgument mnemonic="JPEGQ">100</tcArgument>
        <tcArgument mnemonic="SYNC">0</tcArgument>
        <tcArgument mnemonic="TEXPIMS">62800</tcArgument>
        <tcArgument mnemonic="TEXPMS">15000</tcArgument>
        <tcArgument mnemonic="GAIN">0</tcArgument>
        <tcArgument mnemonic="NFLUSH">1023</tcArgument>
        <tcArgument mnemonic="NRSKIP">0</tcArgument>
        <tcArgument mnemonic="NRBIN">1</tcArgument>
        <tcArgument mnemonic="NROW">511</tcArgument>
        <tcArgument mnemonic="NCSKIP">0</tcArgument>
        <tcArgument mnemonic="NCBIN">1</tcArgument>
        <tcArgument mnemonic="NCOL">2047</tcArgument>
        <tcArgument mnemonic="NCBINFPGA">0</tcArgument>
        <tcArgument mnemonic="SIGMODE">1</tcArgument>
      </tcArguments>
    </command>
    <command mnemonic="TC_pafCCD">
      <relativeTime>1414</relativeTime>
      <comment>FFEXP_3000, 2022-11-09 11:20:00, , pointing_altitude = 200000, ExpTime = 15000, Snapshot_Limb_Pointing_macro</comment>
      <tcArguments>
        <tcArgument mnemonic="CCDSEL">8</tcArgument>
        <tcArgument mnemonic="PWR">1</tcArgument>
        <tcArgument mnemonic="WDW">7</tcArgument>
        <tcArgument mnemonic="JPEGQ">100</tcArgument>
        <tcArgument mnemonic="SYNC">0</tcArgument>
        <tcArgument mnemonic="TEXPIMS">62800</tcArgument>
        <tcArgument mnemonic="TEXPMS">15000</tcArgument>
        <tcArgument mnemonic="GAIN">0</tcArgument>
        <tcArgument mnemonic="NFLUSH">1023</tcArgument>
        <tcArgument mnemonic="NRSKIP">0</tcArgument>
        <tcArgument mnemonic="NRBIN">1</tcArgument>
        <tcArgument mnemonic="NROW">511</tcArgument>
        <tcArgument mnemonic="NCSKIP">0</tcArgument>
        <tcArgument mnemonic="NCBIN">1</tcArgument>
        <tcArgument mnemonic="NCOL">2047</tcArgument>
        <tcArgument mnemonic="NCBINFPGA">0</tcArgument>
        <tcArgument mnemonic="SIGMODE">1</tcArgument>
      </tcArguments>
    </command>
    <command mnemonic="TC_pafCCD">
      <relativeTime>1416</relativeTime>
      <comment>FFEXP_3000, 2022-11-09 11:20:00, , pointing_altitude = 200000, ExpTime = 15000, Snapshot_Limb_Pointing_macro</comment>
      <tcArguments>
        <tcArgument mnemonic="CCDSEL">2</tcArgument>
        <tcArgument mnemonic="PWR">1</tcArgument>
        <tcArgument mnemonic="WDW">7</tcArgument>
        <tcArgument mnemonic="JPEGQ">100</tcArgument>
        <tcArgument mnemonic="SYNC">0</tcArgument>
        <tcArgument mnemonic="TEXPIMS">62800</tcArgument>
        <tcArgument mnemonic="TEXPMS">15000</tcArgument>
        <tcArgument mnemonic="GAIN">0</tcArgument>
        <tcArgument mnemonic="NFLUSH">1023</tcArgument>
        <tcArgument mnemonic="NRSKIP">0</tcArgument>
        <tcArgument mnemonic="NRBIN">1</tcArgument>
        <tcArgument mnemonic="NROW">511</tcArgument>
        <tcArgument mnemonic="NCSKIP">0</tcArgument>
        <tcArgument mnemonic="NCBIN">1</tcArgument>
        <tcArgument mnemonic="NCOL">2047</tcArgument>
        <tcArgument mnemonic="NCBINFPGA">0</tcArgument>
        <tcArgument mnemonic="SIGMODE">1</tcArgument>
      </tcArguments>
    </command>
    <command mnemonic="TC_pafCCD">
      <relativeTime>1418</relativeTime>
      <comment>FFEXP_3000, 2022-11-09 11:20:00, , pointing_altitude = 200000, ExpTime = 15000, Snapshot_Limb_Pointing_macro</comment>
      <tcArguments>
        <tcArgument mnemonic="CCDSEL">4</tcArgument>
        <tcArgument mnemonic="PWR">1</tcArgument>
        <tcArgument mnemonic="WDW">7</tcArgument>
        <tcArgument mnemonic="JPEGQ">100</tcArgument>
        <tcArgument mnemonic="SYNC">0</tcArgument>
        <tcArgument mnemonic="TEXPIMS">62800</tcArgument>
        <tcArgument mnemonic="TEXPMS">15000</tcArgument>
        <tcArgument mnemonic="GAIN">0</tcArgument>
        <tcArgument mnemonic="NFLUSH">1023</tcArgument>
        <tcArgument mnemonic="NRSKIP">0</tcArgument>
        <tcArgument mnemonic="NRBIN">1</tcArgument>
        <tcArgument mnemonic="NROW">511</tcArgument>
        <tcArgument mnemonic="NCSKIP">0</tcArgument>
        <tcArgument mnemonic="NCBIN">1</tcArgument>
        <tcArgument mnemonic="NCOL">2047</tcArgument>
        <tcArgument mnemonic="NCBINFPGA">0</tcArgument>
        <tcArgument mnemonic="SIGMODE">1</tcArgument>
      </tcArguments>
    </command>
    <command mnemonic="TC_pafCCD">
      <relativeTime>1420</relativeTime>
      <comment>FFEXP_3000, 2022-11-09 11:20:00, , pointing_altitude = 200000, ExpTime = 15000, Snapshot_Limb_Pointing_macro</comment>
      <tcArguments>
        <tcArgument mnemonic="CCDSEL">64</tcArgument>
        <tcArgument mnemonic="PWR">1</tcArgument>
        <tcArgument mnemonic="WDW">7</tcArgument>
        <tcArgument mnemonic="JPEGQ">100</tcArgument>
        <tcArgument mnemonic="SYNC">0</tcArgument>
        <tcArgument mnemonic="TEXPIMS">62800</tcArgument>
        <tcArgument mnemonic="TEXPMS">15000</tcArgument>
        <tcArgument mnemonic="GAIN">0</tcArgument>
        <tcArgument mnemonic="NFLUSH">1023</tcArgument>
        <tcArgument mnemonic="NRSKIP">0</tcArgument>
        <tcArgument mnemonic="NRBIN">1</tcArgument>
        <tcArgument mnemonic="NROW">511</tcArgument>
        <tcArgument mnemonic="NCSKIP">0</tcArgument>
        <tcArgument mnemonic="NCBIN">1</tcArgument>
        <tcArgument mnemonic="NCOL">2047</tcArgument>
        <tcArgument mnemonic="NCBINFPGA">0</tcArgument>
        <tcArgument mnemonic="SIGMODE">1</tcArgument>
      </tcArguments>
    </command>
    <command mnemonic="TC_pafCCDSNAPSHOT">
      <relativeTime>1422</relativeTime>
      <comment>FFEXP_3000, 2022-11-09 11:20:00, , pointing_altitude = 200000, ExpTime = 15000, Snapshot_Limb_Pointing_macro</comment>
      <tcArguments>
        <tcArgument mnemonic="CCDSEL">16</tcArgument>
      </tcArguments>
    </command>
    <command mnemonic="TC_pafCCDSNAPSHOT">
      <relativeTime>1432</relativeTime>
      <comment>FFEXP_3000, 2022-11-09 11:20:00, , pointing_altitude = 200000, ExpTime = 15000, Snapshot_Limb_Pointing_macro</comment>
      <tcArguments>
        <tcArgument mnemonic="CCDSEL">32</tcArgument>
      </tcArguments>
    </command>
    <command mnemonic="TC_pafCCDSNAPSHOT">
      <relativeTime>1442</relativeTime>
      <comment>FFEXP_3000, 2022-11-09 11:20:00, , pointing_altitude = 200000, ExpTime = 15000, Snapshot_Limb_Pointing_macro</comment>
      <tcArguments>
        <tcArgument mnemonic="CCDSEL">1</tcArgument>
      </tcArguments>
    </command>
    <command mnemonic="TC_pafCCDSNAPSHOT">
      <relativeTime>1452</relativeTime>
      <comment>FFEXP_3000, 2022-11-09 11:20:00, , pointing_altitude = 200000, ExpTime = 15000, Snapshot_Limb_Pointing_macro</comment>
      <tcArguments>
        <tcArgument mnemonic="CCDSEL">8</tcArgument>
      </tcArguments>
    </command>
    <command mnemonic="TC_pafCCDSNAPSHOT">
      <relativeTime>1462</relativeTime>
      <comment>FFEXP_3000, 2022-11-09 11:20:00, , pointing_altitude = 200000, ExpTime = 15000, Snapshot_Limb_Pointing_macro</comment>
      <tcArguments>
        <tcArgument mnemonic="CCDSEL">2</tcArgument>
      </tcArguments>
    </command>
    <command mnemonic="TC_pafCCDSNAPSHOT">
      <relativeTime>1472</relativeTime>
      <comment>FFEXP_3000, 2022-11-09 11:20:00, , pointing_altitude = 200000, ExpTime = 15000, Snapshot_Limb_Pointing_macro</comment>
      <tcArguments>
        <tcArgument mnemonic="CCDSEL">4</tcArgument>
      </tcArguments>
    </command>
    <command mnemonic="TC_pafMODE">
      <relativeTime>1492</relativeTime>
      <comment>FFEXP_3000, 2022-11-09 11:20:00, , pointing_altitude = 200000, ExpTime = 15000, NadirSnapshot_Limb_Pointing_macro</comment>
      <tcArguments>
        <tcArgument mnemonic="MODE">2</tcArgument>
      </tcArguments>
    </command>
    <command mnemonic="TC_acfLimbPointingAltitudeOffset">
      <relativeTime>1494</relativeTime>
      <comment>FFEXP_3000, 2022-11-09 11:20:00, , pointing_altitude = 200000, ExpTime = 15000, NadirSnapshot_Limb_Pointing_macro</comment>
      <tcArguments>
        <tcArgument mnemonic="Initial">200000</tcArgument>
        <tcArgument mnemonic="Final">200000</tcArgument>
        <tcArgument mnemonic="Rate">0</tcArgument>
      </tcArguments>
    </command>
    <command mnemonic="TC_pafCCD">
      <relativeTime>1511</relativeTime>
      <comment>FFEXP_3000, 2022-11-09 11:20:00, , pointing_altitude = 200000, ExpTime = 15000, NadirSnapshot_Limb_Pointing_macro</comment>
      <tcArguments>
        <tcArgument mnemonic="CCDSEL">64</tcArgument>
        <tcArgument mnemonic="PWR">1</tcArgument>
        <tcArgument mnemonic="WDW">7</tcArgument>
        <tcArgument mnemonic="JPEGQ">100</tcArgument>
        <tcArgument mnemonic="SYNC">0</tcArgument>
        <tcArgument mnemonic="TEXPIMS">62800</tcArgument>
        <tcArgument mnemonic="TEXPMS">15000</tcArgument>
        <tcArgument mnemonic="GAIN">0</tcArgument>
        <tcArgument mnemonic="NFLUSH">1023</tcArgument>
        <tcArgument mnemonic="NRSKIP">0</tcArgument>
        <tcArgument mnemonic="NRBIN">1</tcArgument>
        <tcArgument mnemonic="NROW">511</tcArgument>
        <tcArgument mnemonic="NCSKIP">0</tcArgument>
        <tcArgument mnemonic="NCBIN">1</tcArgument>
        <tcArgument mnemonic="NCOL">2047</tcArgument>
        <tcArgument mnemonic="NCBINFPGA">0</tcArgument>
        <tcArgument mnemonic="SIGMODE">1</tcArgument>
      </tcArguments>
    </command>
    <command mnemonic="TC_pafCCDSNAPSHOT">
      <relativeTime>1513</relativeTime>
      <comment>FFEXP_3000, 2022-11-09 11:20:00, , pointing_altitude = 200000, ExpTime = 15000, NadirSnapshot_Limb_Pointing_macro</comment>
      <tcArguments>
        <tcArgument mnemonic="CCDSEL">64</tcArgument>
      </tcArguments>
    </command>
    <command mnemonic="TC_pafMODE">
      <relativeTime>1515</relativeTime>
      <comment>FFEXP_3000, 2022-11-09 11:20:00, , pointing_altitude = 200000, ExpTime = 25000, Snapshot_Limb_Pointing_macro</comment>
      <tcArguments>
        <tcArgument mnemonic="MODE">2</tcArgument>
      </tcArguments>
    </command>
    <command mnemonic="TC_acfLimbPointingAltitudeOffset">
      <relativeTime>1517</relativeTime>
      <comment>FFEXP_3000, 2022-11-09 11:20:00, , pointing_altitude = 200000, ExpTime = 25000, Snapshot_Limb_Pointing_macro</comment>
      <tcArguments>
        <tcArgument mnemonic="Initial">200000</tcArgument>
        <tcArgument mnemonic="Final">200000</tcArgument>
        <tcArgument mnemonic="Rate">0</tcArgument>
      </tcArguments>
    </command>
    <command mnemonic="TC_pafCCD">
      <relativeTime>1534</relativeTime>
      <comment>FFEXP_3000, 2022-11-09 11:20:00, , pointing_altitude = 200000, ExpTime = 25000, Snapshot_Limb_Pointing_macro</comment>
      <tcArguments>
        <tcArgument mnemonic="CCDSEL">16</tcArgument>
        <tcArgument mnemonic="PWR">1</tcArgument>
        <tcArgument mnemonic="WDW">7</tcArgument>
        <tcArgument mnemonic="JPEGQ">100</tcArgument>
        <tcArgument mnemonic="SYNC">0</tcArgument>
        <tcArgument mnemonic="TEXPIMS">62800</tcArgument>
        <tcArgument mnemonic="TEXPMS">25000</tcArgument>
        <tcArgument mnemonic="GAIN">0</tcArgument>
        <tcArgument mnemonic="NFLUSH">1023</tcArgument>
        <tcArgument mnemonic="NRSKIP">0</tcArgument>
        <tcArgument mnemonic="NRBIN">1</tcArgument>
        <tcArgument mnemonic="NROW">511</tcArgument>
        <tcArgument mnemonic="NCSKIP">0</tcArgument>
        <tcArgument mnemonic="NCBIN">1</tcArgument>
        <tcArgument mnemonic="NCOL">2047</tcArgument>
        <tcArgument mnemonic="NCBINFPGA">0</tcArgument>
        <tcArgument mnemonic="SIGMODE">1</tcArgument>
      </tcArguments>
    </command>
    <command mnemonic="TC_pafCCD">
      <relativeTime>1536</relativeTime>
      <comment>FFEXP_3000, 2022-11-09 11:20:00, , pointing_altitude = 200000, ExpTime = 25000, Snapshot_Limb_Pointing_macro</comment>
      <tcArguments>
        <tcArgument mnemonic="CCDSEL">32</tcArgument>
        <tcArgument mnemonic="PWR">1</tcArgument>
        <tcArgument mnemonic="WDW">7</tcArgument>
        <tcArgument mnemonic="JPEGQ">100</tcArgument>
        <tcArgument mnemonic="SYNC">0</tcArgument>
        <tcArgument mnemonic="TEXPIMS">62800</tcArgument>
        <tcArgument mnemonic="TEXPMS">25000</tcArgument>
        <tcArgument mnemonic="GAIN">0</tcArgument>
        <tcArgument mnemonic="NFLUSH">1023</tcArgument>
        <tcArgument mnemonic="NRSKIP">0</tcArgument>
        <tcArgument mnemonic="NRBIN">1</tcArgument>
        <tcArgument mnemonic="NROW">511</tcArgument>
        <tcArgument mnemonic="NCSKIP">0</tcArgument>
        <tcArgument mnemonic="NCBIN">1</tcArgument>
        <tcArgument mnemonic="NCOL">2047</tcArgument>
        <tcArgument mnemonic="NCBINFPGA">0</tcArgument>
        <tcArgument mnemonic="SIGMODE">1</tcArgument>
      </tcArguments>
    </command>
    <command mnemonic="TC_pafCCD">
      <relativeTime>1538</relativeTime>
      <comment>FFEXP_3000, 2022-11-09 11:20:00, , pointing_altitude = 200000, ExpTime = 25000, Snapshot_Limb_Pointing_macro</comment>
      <tcArguments>
        <tcArgument mnemonic="CCDSEL">1</tcArgument>
        <tcArgument mnemonic="PWR">1</tcArgument>
        <tcArgument mnemonic="WDW">7</tcArgument>
        <tcArgument mnemonic="JPEGQ">100</tcArgument>
        <tcArgument mnemonic="SYNC">0</tcArgument>
        <tcArgument mnemonic="TEXPIMS">62800</tcArgument>
        <tcArgument mnemonic="TEXPMS">25000</tcArgument>
        <tcArgument mnemonic="GAIN">0</tcArgument>
        <tcArgument mnemonic="NFLUSH">1023</tcArgument>
        <tcArgument mnemonic="NRSKIP">0</tcArgument>
        <tcArgument mnemonic="NRBIN">1</tcArgument>
        <tcArgument mnemonic="NROW">511</tcArgument>
        <tcArgument mnemonic="NCSKIP">0</tcArgument>
        <tcArgument mnemonic="NCBIN">1</tcArgument>
        <tcArgument mnemonic="NCOL">2047</tcArgument>
        <tcArgument mnemonic="NCBINFPGA">0</tcArgument>
        <tcArgument mnemonic="SIGMODE">1</tcArgument>
      </tcArguments>
    </command>
    <command mnemonic="TC_pafCCD">
      <relativeTime>1540</relativeTime>
      <comment>FFEXP_3000, 2022-11-09 11:20:00, , pointing_altitude = 200000, ExpTime = 25000, Snapshot_Limb_Pointing_macro</comment>
      <tcArguments>
        <tcArgument mnemonic="CCDSEL">8</tcArgument>
        <tcArgument mnemonic="PWR">1</tcArgument>
        <tcArgument mnemonic="WDW">7</tcArgument>
        <tcArgument mnemonic="JPEGQ">100</tcArgument>
        <tcArgument mnemonic="SYNC">0</tcArgument>
        <tcArgument mnemonic="TEXPIMS">62800</tcArgument>
        <tcArgument mnemonic="TEXPMS">25000</tcArgument>
        <tcArgument mnemonic="GAIN">0</tcArgument>
        <tcArgument mnemonic="NFLUSH">1023</tcArgument>
        <tcArgument mnemonic="NRSKIP">0</tcArgument>
        <tcArgument mnemonic="NRBIN">1</tcArgument>
        <tcArgument mnemonic="NROW">511</tcArgument>
        <tcArgument mnemonic="NCSKIP">0</tcArgument>
        <tcArgument mnemonic="NCBIN">1</tcArgument>
        <tcArgument mnemonic="NCOL">2047</tcArgument>
        <tcArgument mnemonic="NCBINFPGA">0</tcArgument>
        <tcArgument mnemonic="SIGMODE">1</tcArgument>
      </tcArguments>
    </command>
    <command mnemonic="TC_pafCCD">
      <relativeTime>1542</relativeTime>
      <comment>FFEXP_3000, 2022-11-09 11:20:00, , pointing_altitude = 200000, ExpTime = 25000, Snapshot_Limb_Pointing_macro</comment>
      <tcArguments>
        <tcArgument mnemonic="CCDSEL">2</tcArgument>
        <tcArgument mnemonic="PWR">1</tcArgument>
        <tcArgument mnemonic="WDW">7</tcArgument>
        <tcArgument mnemonic="JPEGQ">100</tcArgument>
        <tcArgument mnemonic="SYNC">0</tcArgument>
        <tcArgument mnemonic="TEXPIMS">62800</tcArgument>
        <tcArgument mnemonic="TEXPMS">25000</tcArgument>
        <tcArgument mnemonic="GAIN">0</tcArgument>
        <tcArgument mnemonic="NFLUSH">1023</tcArgument>
        <tcArgument mnemonic="NRSKIP">0</tcArgument>
        <tcArgument mnemonic="NRBIN">1</tcArgument>
        <tcArgument mnemonic="NROW">511</tcArgument>
        <tcArgument mnemonic="NCSKIP">0</tcArgument>
        <tcArgument mnemonic="NCBIN">1</tcArgument>
        <tcArgument mnemonic="NCOL">2047</tcArgument>
        <tcArgument mnemonic="NCBINFPGA">0</tcArgument>
        <tcArgument mnemonic="SIGMODE">1</tcArgument>
      </tcArguments>
    </command>
    <command mnemonic="TC_pafCCD">
      <relativeTime>1544</relativeTime>
      <comment>FFEXP_3000, 2022-11-09 11:20:00, , pointing_altitude = 200000, ExpTime = 25000, Snapshot_Limb_Pointing_macro</comment>
      <tcArguments>
        <tcArgument mnemonic="CCDSEL">4</tcArgument>
        <tcArgument mnemonic="PWR">1</tcArgument>
        <tcArgument mnemonic="WDW">7</tcArgument>
        <tcArgument mnemonic="JPEGQ">100</tcArgument>
        <tcArgument mnemonic="SYNC">0</tcArgument>
        <tcArgument mnemonic="TEXPIMS">62800</tcArgument>
        <tcArgument mnemonic="TEXPMS">25000</tcArgument>
        <tcArgument mnemonic="GAIN">0</tcArgument>
        <tcArgument mnemonic="NFLUSH">1023</tcArgument>
        <tcArgument mnemonic="NRSKIP">0</tcArgument>
        <tcArgument mnemonic="NRBIN">1</tcArgument>
        <tcArgument mnemonic="NROW">511</tcArgument>
        <tcArgument mnemonic="NCSKIP">0</tcArgument>
        <tcArgument mnemonic="NCBIN">1</tcArgument>
        <tcArgument mnemonic="NCOL">2047</tcArgument>
        <tcArgument mnemonic="NCBINFPGA">0</tcArgument>
        <tcArgument mnemonic="SIGMODE">1</tcArgument>
      </tcArguments>
    </command>
    <command mnemonic="TC_pafCCD">
      <relativeTime>1546</relativeTime>
      <comment>FFEXP_3000, 2022-11-09 11:20:00, , pointing_altitude = 200000, ExpTime = 25000, Snapshot_Limb_Pointing_macro</comment>
      <tcArguments>
        <tcArgument mnemonic="CCDSEL">64</tcArgument>
        <tcArgument mnemonic="PWR">1</tcArgument>
        <tcArgument mnemonic="WDW">7</tcArgument>
        <tcArgument mnemonic="JPEGQ">100</tcArgument>
        <tcArgument mnemonic="SYNC">0</tcArgument>
        <tcArgument mnemonic="TEXPIMS">62800</tcArgument>
        <tcArgument mnemonic="TEXPMS">25000</tcArgument>
        <tcArgument mnemonic="GAIN">0</tcArgument>
        <tcArgument mnemonic="NFLUSH">1023</tcArgument>
        <tcArgument mnemonic="NRSKIP">0</tcArgument>
        <tcArgument mnemonic="NRBIN">1</tcArgument>
        <tcArgument mnemonic="NROW">511</tcArgument>
        <tcArgument mnemonic="NCSKIP">0</tcArgument>
        <tcArgument mnemonic="NCBIN">1</tcArgument>
        <tcArgument mnemonic="NCOL">2047</tcArgument>
        <tcArgument mnemonic="NCBINFPGA">0</tcArgument>
        <tcArgument mnemonic="SIGMODE">1</tcArgument>
      </tcArguments>
    </command>
    <command mnemonic="TC_pafCCDSNAPSHOT">
      <relativeTime>1548</relativeTime>
      <comment>FFEXP_3000, 2022-11-09 11:20:00, , pointing_altitude = 200000, ExpTime = 25000, Snapshot_Limb_Pointing_macro</comment>
      <tcArguments>
        <tcArgument mnemonic="CCDSEL">16</tcArgument>
      </tcArguments>
    </command>
    <command mnemonic="TC_pafCCDSNAPSHOT">
      <relativeTime>1558</relativeTime>
      <comment>FFEXP_3000, 2022-11-09 11:20:00, , pointing_altitude = 200000, ExpTime = 25000, Snapshot_Limb_Pointing_macro</comment>
      <tcArguments>
        <tcArgument mnemonic="CCDSEL">32</tcArgument>
      </tcArguments>
    </command>
    <command mnemonic="TC_pafCCDSNAPSHOT">
      <relativeTime>1568</relativeTime>
      <comment>FFEXP_3000, 2022-11-09 11:20:00, , pointing_altitude = 200000, ExpTime = 25000, Snapshot_Limb_Pointing_macro</comment>
      <tcArguments>
        <tcArgument mnemonic="CCDSEL">1</tcArgument>
      </tcArguments>
    </command>
    <command mnemonic="TC_pafCCDSNAPSHOT">
      <relativeTime>1578</relativeTime>
      <comment>FFEXP_3000, 2022-11-09 11:20:00, , pointing_altitude = 200000, ExpTime = 25000, Snapshot_Limb_Pointing_macro</comment>
      <tcArguments>
        <tcArgument mnemonic="CCDSEL">8</tcArgument>
      </tcArguments>
    </command>
    <command mnemonic="TC_pafCCDSNAPSHOT">
      <relativeTime>1588</relativeTime>
      <comment>FFEXP_3000, 2022-11-09 11:20:00, , pointing_altitude = 200000, ExpTime = 25000, Snapshot_Limb_Pointing_macro</comment>
      <tcArguments>
        <tcArgument mnemonic="CCDSEL">2</tcArgument>
      </tcArguments>
    </command>
    <command mnemonic="TC_pafCCDSNAPSHOT">
      <relativeTime>1598</relativeTime>
      <comment>FFEXP_3000, 2022-11-09 11:20:00, , pointing_altitude = 200000, ExpTime = 25000, Snapshot_Limb_Pointing_macro</comment>
      <tcArguments>
        <tcArgument mnemonic="CCDSEL">4</tcArgument>
      </tcArguments>
    </command>
    <command mnemonic="TC_pafMODE">
      <relativeTime>1618</relativeTime>
      <comment>FFEXP_3000, 2022-11-09 11:20:00, , pointing_altitude = 200000, ExpTime = 25000, NadirSnapshot_Limb_Pointing_macro</comment>
      <tcArguments>
        <tcArgument mnemonic="MODE">2</tcArgument>
      </tcArguments>
    </command>
    <command mnemonic="TC_acfLimbPointingAltitudeOffset">
      <relativeTime>1620</relativeTime>
      <comment>FFEXP_3000, 2022-11-09 11:20:00, , pointing_altitude = 200000, ExpTime = 25000, NadirSnapshot_Limb_Pointing_macro</comment>
      <tcArguments>
        <tcArgument mnemonic="Initial">200000</tcArgument>
        <tcArgument mnemonic="Final">200000</tcArgument>
        <tcArgument mnemonic="Rate">0</tcArgument>
      </tcArguments>
    </command>
    <command mnemonic="TC_pafCCD">
      <relativeTime>1647</relativeTime>
      <comment>FFEXP_3000, 2022-11-09 11:20:00, , pointing_altitude = 200000, ExpTime = 25000, NadirSnapshot_Limb_Pointing_macro</comment>
      <tcArguments>
        <tcArgument mnemonic="CCDSEL">64</tcArgument>
        <tcArgument mnemonic="PWR">1</tcArgument>
        <tcArgument mnemonic="WDW">7</tcArgument>
        <tcArgument mnemonic="JPEGQ">100</tcArgument>
        <tcArgument mnemonic="SYNC">0</tcArgument>
        <tcArgument mnemonic="TEXPIMS">62800</tcArgument>
        <tcArgument mnemonic="TEXPMS">25000</tcArgument>
        <tcArgument mnemonic="GAIN">0</tcArgument>
        <tcArgument mnemonic="NFLUSH">1023</tcArgument>
        <tcArgument mnemonic="NRSKIP">0</tcArgument>
        <tcArgument mnemonic="NRBIN">1</tcArgument>
        <tcArgument mnemonic="NROW">511</tcArgument>
        <tcArgument mnemonic="NCSKIP">0</tcArgument>
        <tcArgument mnemonic="NCBIN">1</tcArgument>
        <tcArgument mnemonic="NCOL">2047</tcArgument>
        <tcArgument mnemonic="NCBINFPGA">0</tcArgument>
        <tcArgument mnemonic="SIGMODE">1</tcArgument>
      </tcArguments>
    </command>
    <command mnemonic="TC_pafCCDSNAPSHOT">
      <relativeTime>1649</relativeTime>
      <comment>FFEXP_3000, 2022-11-09 11:20:00, , pointing_altitude = 200000, ExpTime = 25000, NadirSnapshot_Limb_Pointing_macro</comment>
      <tcArguments>
        <tcArgument mnemonic="CCDSEL">64</tcArgument>
      </tcArguments>
    </command>
    <command mnemonic="TC_pafMODE">
      <relativeTime>3600</relativeTime>
      <comment>FFEXP_3000, 2022-11-09 12:00:00, , pointing_altitude = 200000, ExpTime = 5000, Snapshot_Limb_Pointing_macro</comment>
      <tcArguments>
        <tcArgument mnemonic="MODE">2</tcArgument>
      </tcArguments>
    </command>
    <command mnemonic="TC_acfLimbPointingAltitudeOffset">
      <relativeTime>3602</relativeTime>
      <comment>FFEXP_3000, 2022-11-09 12:00:00, , pointing_altitude = 200000, ExpTime = 5000, Snapshot_Limb_Pointing_macro</comment>
      <tcArguments>
        <tcArgument mnemonic="Initial">200000</tcArgument>
        <tcArgument mnemonic="Final">200000</tcArgument>
        <tcArgument mnemonic="Rate">0</tcArgument>
      </tcArguments>
    </command>
    <command mnemonic="TC_pafCCD">
      <relativeTime>3629</relativeTime>
      <comment>FFEXP_3000, 2022-11-09 12:00:00, , pointing_altitude = 200000, ExpTime = 5000, Snapshot_Limb_Pointing_macro</comment>
      <tcArguments>
        <tcArgument mnemonic="CCDSEL">16</tcArgument>
        <tcArgument mnemonic="PWR">1</tcArgument>
        <tcArgument mnemonic="WDW">7</tcArgument>
        <tcArgument mnemonic="JPEGQ">100</tcArgument>
        <tcArgument mnemonic="SYNC">0</tcArgument>
        <tcArgument mnemonic="TEXPIMS">62800</tcArgument>
        <tcArgument mnemonic="TEXPMS">5000</tcArgument>
        <tcArgument mnemonic="GAIN">0</tcArgument>
        <tcArgument mnemonic="NFLUSH">1023</tcArgument>
        <tcArgument mnemonic="NRSKIP">0</tcArgument>
        <tcArgument mnemonic="NRBIN">1</tcArgument>
        <tcArgument mnemonic="NROW">511</tcArgument>
        <tcArgument mnemonic="NCSKIP">0</tcArgument>
        <tcArgument mnemonic="NCBIN">1</tcArgument>
        <tcArgument mnemonic="NCOL">2047</tcArgument>
        <tcArgument mnemonic="NCBINFPGA">0</tcArgument>
        <tcArgument mnemonic="SIGMODE">1</tcArgument>
      </tcArguments>
    </command>
    <command mnemonic="TC_pafCCD">
      <relativeTime>3631</relativeTime>
      <comment>FFEXP_3000, 2022-11-09 12:00:00, , pointing_altitude = 200000, ExpTime = 5000, Snapshot_Limb_Pointing_macro</comment>
      <tcArguments>
        <tcArgument mnemonic="CCDSEL">32</tcArgument>
        <tcArgument mnemonic="PWR">1</tcArgument>
        <tcArgument mnemonic="WDW">7</tcArgument>
        <tcArgument mnemonic="JPEGQ">100</tcArgument>
        <tcArgument mnemonic="SYNC">0</tcArgument>
        <tcArgument mnemonic="TEXPIMS">62800</tcArgument>
        <tcArgument mnemonic="TEXPMS">5000</tcArgument>
        <tcArgument mnemonic="GAIN">0</tcArgument>
        <tcArgument mnemonic="NFLUSH">1023</tcArgument>
        <tcArgument mnemonic="NRSKIP">0</tcArgument>
        <tcArgument mnemonic="NRBIN">1</tcArgument>
        <tcArgument mnemonic="NROW">511</tcArgument>
        <tcArgument mnemonic="NCSKIP">0</tcArgument>
        <tcArgument mnemonic="NCBIN">1</tcArgument>
        <tcArgument mnemonic="NCOL">2047</tcArgument>
        <tcArgument mnemonic="NCBINFPGA">0</tcArgument>
        <tcArgument mnemonic="SIGMODE">1</tcArgument>
      </tcArguments>
    </command>
    <command mnemonic="TC_pafCCD">
      <relativeTime>3633</relativeTime>
      <comment>FFEXP_3000, 2022-11-09 12:00:00, , pointing_altitude = 200000, ExpTime = 5000, Snapshot_Limb_Pointing_macro</comment>
      <tcArguments>
        <tcArgument mnemonic="CCDSEL">1</tcArgument>
        <tcArgument mnemonic="PWR">1</tcArgument>
        <tcArgument mnemonic="WDW">7</tcArgument>
        <tcArgument mnemonic="JPEGQ">100</tcArgument>
        <tcArgument mnemonic="SYNC">0</tcArgument>
        <tcArgument mnemonic="TEXPIMS">62800</tcArgument>
        <tcArgument mnemonic="TEXPMS">5000</tcArgument>
        <tcArgument mnemonic="GAIN">0</tcArgument>
        <tcArgument mnemonic="NFLUSH">1023</tcArgument>
        <tcArgument mnemonic="NRSKIP">0</tcArgument>
        <tcArgument mnemonic="NRBIN">1</tcArgument>
        <tcArgument mnemonic="NROW">511</tcArgument>
        <tcArgument mnemonic="NCSKIP">0</tcArgument>
        <tcArgument mnemonic="NCBIN">1</tcArgument>
        <tcArgument mnemonic="NCOL">2047</tcArgument>
        <tcArgument mnemonic="NCBINFPGA">0</tcArgument>
        <tcArgument mnemonic="SIGMODE">1</tcArgument>
      </tcArguments>
    </command>
    <command mnemonic="TC_pafCCD">
      <relativeTime>3635</relativeTime>
      <comment>FFEXP_3000, 2022-11-09 12:00:00, , pointing_altitude = 200000, ExpTime = 5000, Snapshot_Limb_Pointing_macro</comment>
      <tcArguments>
        <tcArgument mnemonic="CCDSEL">8</tcArgument>
        <tcArgument mnemonic="PWR">1</tcArgument>
        <tcArgument mnemonic="WDW">7</tcArgument>
        <tcArgument mnemonic="JPEGQ">100</tcArgument>
        <tcArgument mnemonic="SYNC">0</tcArgument>
        <tcArgument mnemonic="TEXPIMS">62800</tcArgument>
        <tcArgument mnemonic="TEXPMS">5000</tcArgument>
        <tcArgument mnemonic="GAIN">0</tcArgument>
        <tcArgument mnemonic="NFLUSH">1023</tcArgument>
        <tcArgument mnemonic="NRSKIP">0</tcArgument>
        <tcArgument mnemonic="NRBIN">1</tcArgument>
        <tcArgument mnemonic="NROW">511</tcArgument>
        <tcArgument mnemonic="NCSKIP">0</tcArgument>
        <tcArgument mnemonic="NCBIN">1</tcArgument>
        <tcArgument mnemonic="NCOL">2047</tcArgument>
        <tcArgument mnemonic="NCBINFPGA">0</tcArgument>
        <tcArgument mnemonic="SIGMODE">1</tcArgument>
      </tcArguments>
    </command>
    <command mnemonic="TC_pafCCD">
      <relativeTime>3637</relativeTime>
      <comment>FFEXP_3000, 2022-11-09 12:00:00, , pointing_altitude = 200000, ExpTime = 5000, Snapshot_Limb_Pointing_macro</comment>
      <tcArguments>
        <tcArgument mnemonic="CCDSEL">2</tcArgument>
        <tcArgument mnemonic="PWR">1</tcArgument>
        <tcArgument mnemonic="WDW">7</tcArgument>
        <tcArgument mnemonic="JPEGQ">100</tcArgument>
        <tcArgument mnemonic="SYNC">0</tcArgument>
        <tcArgument mnemonic="TEXPIMS">62800</tcArgument>
        <tcArgument mnemonic="TEXPMS">5000</tcArgument>
        <tcArgument mnemonic="GAIN">0</tcArgument>
        <tcArgument mnemonic="NFLUSH">1023</tcArgument>
        <tcArgument mnemonic="NRSKIP">0</tcArgument>
        <tcArgument mnemonic="NRBIN">1</tcArgument>
        <tcArgument mnemonic="NROW">511</tcArgument>
        <tcArgument mnemonic="NCSKIP">0</tcArgument>
        <tcArgument mnemonic="NCBIN">1</tcArgument>
        <tcArgument mnemonic="NCOL">2047</tcArgument>
        <tcArgument mnemonic="NCBINFPGA">0</tcArgument>
        <tcArgument mnemonic="SIGMODE">1</tcArgument>
      </tcArguments>
    </command>
    <command mnemonic="TC_pafCCD">
      <relativeTime>3639</relativeTime>
      <comment>FFEXP_3000, 2022-11-09 12:00:00, , pointing_altitude = 200000, ExpTime = 5000, Snapshot_Limb_Pointing_macro</comment>
      <tcArguments>
        <tcArgument mnemonic="CCDSEL">4</tcArgument>
        <tcArgument mnemonic="PWR">1</tcArgument>
        <tcArgument mnemonic="WDW">7</tcArgument>
        <tcArgument mnemonic="JPEGQ">100</tcArgument>
        <tcArgument mnemonic="SYNC">0</tcArgument>
        <tcArgument mnemonic="TEXPIMS">62800</tcArgument>
        <tcArgument mnemonic="TEXPMS">5000</tcArgument>
        <tcArgument mnemonic="GAIN">0</tcArgument>
        <tcArgument mnemonic="NFLUSH">1023</tcArgument>
        <tcArgument mnemonic="NRSKIP">0</tcArgument>
        <tcArgument mnemonic="NRBIN">1</tcArgument>
        <tcArgument mnemonic="NROW">511</tcArgument>
        <tcArgument mnemonic="NCSKIP">0</tcArgument>
        <tcArgument mnemonic="NCBIN">1</tcArgument>
        <tcArgument mnemonic="NCOL">2047</tcArgument>
        <tcArgument mnemonic="NCBINFPGA">0</tcArgument>
        <tcArgument mnemonic="SIGMODE">1</tcArgument>
      </tcArguments>
    </command>
    <command mnemonic="TC_pafCCD">
      <relativeTime>3641</relativeTime>
      <comment>FFEXP_3000, 2022-11-09 12:00:00, , pointing_altitude = 200000, ExpTime = 5000, Snapshot_Limb_Pointing_macro</comment>
      <tcArguments>
        <tcArgument mnemonic="CCDSEL">64</tcArgument>
        <tcArgument mnemonic="PWR">1</tcArgument>
        <tcArgument mnemonic="WDW">7</tcArgument>
        <tcArgument mnemonic="JPEGQ">100</tcArgument>
        <tcArgument mnemonic="SYNC">0</tcArgument>
        <tcArgument mnemonic="TEXPIMS">62800</tcArgument>
        <tcArgument mnemonic="TEXPMS">5000</tcArgument>
        <tcArgument mnemonic="GAIN">0</tcArgument>
        <tcArgument mnemonic="NFLUSH">1023</tcArgument>
        <tcArgument mnemonic="NRSKIP">0</tcArgument>
        <tcArgument mnemonic="NRBIN">1</tcArgument>
        <tcArgument mnemonic="NROW">511</tcArgument>
        <tcArgument mnemonic="NCSKIP">0</tcArgument>
        <tcArgument mnemonic="NCBIN">1</tcArgument>
        <tcArgument mnemonic="NCOL">2047</tcArgument>
        <tcArgument mnemonic="NCBINFPGA">0</tcArgument>
        <tcArgument mnemonic="SIGMODE">1</tcArgument>
      </tcArguments>
    </command>
    <command mnemonic="TC_pafCCDSNAPSHOT">
      <relativeTime>3643</relativeTime>
      <comment>FFEXP_3000, 2022-11-09 12:00:00, , pointing_altitude = 200000, ExpTime = 5000, Snapshot_Limb_Pointing_macro</comment>
      <tcArguments>
        <tcArgument mnemonic="CCDSEL">16</tcArgument>
      </tcArguments>
    </command>
    <command mnemonic="TC_pafCCDSNAPSHOT">
      <relativeTime>3653</relativeTime>
      <comment>FFEXP_3000, 2022-11-09 12:00:00, , pointing_altitude = 200000, ExpTime = 5000, Snapshot_Limb_Pointing_macro</comment>
      <tcArguments>
        <tcArgument mnemonic="CCDSEL">32</tcArgument>
      </tcArguments>
    </command>
    <command mnemonic="TC_pafCCDSNAPSHOT">
      <relativeTime>3663</relativeTime>
      <comment>FFEXP_3000, 2022-11-09 12:00:00, , pointing_altitude = 200000, ExpTime = 5000, Snapshot_Limb_Pointing_macro</comment>
      <tcArguments>
        <tcArgument mnemonic="CCDSEL">1</tcArgument>
      </tcArguments>
    </command>
    <command mnemonic="TC_pafCCDSNAPSHOT">
      <relativeTime>3673</relativeTime>
      <comment>FFEXP_3000, 2022-11-09 12:00:00, , pointing_altitude = 200000, ExpTime = 5000, Snapshot_Limb_Pointing_macro</comment>
      <tcArguments>
        <tcArgument mnemonic="CCDSEL">8</tcArgument>
      </tcArguments>
    </command>
    <command mnemonic="TC_pafCCDSNAPSHOT">
      <relativeTime>3683</relativeTime>
      <comment>FFEXP_3000, 2022-11-09 12:00:00, , pointing_altitude = 200000, ExpTime = 5000, Snapshot_Limb_Pointing_macro</comment>
      <tcArguments>
        <tcArgument mnemonic="CCDSEL">2</tcArgument>
      </tcArguments>
    </command>
    <command mnemonic="TC_pafCCDSNAPSHOT">
      <relativeTime>3693</relativeTime>
      <comment>FFEXP_3000, 2022-11-09 12:00:00, , pointing_altitude = 200000, ExpTime = 5000, Snapshot_Limb_Pointing_macro</comment>
      <tcArguments>
        <tcArgument mnemonic="CCDSEL">4</tcArgument>
      </tcArguments>
    </command>
    <command mnemonic="TC_pafMODE">
      <relativeTime>3713</relativeTime>
      <comment>FFEXP_3000, 2022-11-09 12:00:00, , pointing_altitude = 200000, ExpTime = 5000, NadirSnapshot_Limb_Pointing_macro</comment>
      <tcArguments>
        <tcArgument mnemonic="MODE">2</tcArgument>
      </tcArguments>
    </command>
    <command mnemonic="TC_acfLimbPointingAltitudeOffset">
      <relativeTime>3715</relativeTime>
      <comment>FFEXP_3000, 2022-11-09 12:00:00, , pointing_altitude = 200000, ExpTime = 5000, NadirSnapshot_Limb_Pointing_macro</comment>
      <tcArguments>
        <tcArgument mnemonic="Initial">200000</tcArgument>
        <tcArgument mnemonic="Final">200000</tcArgument>
        <tcArgument mnemonic="Rate">0</tcArgument>
      </tcArguments>
    </command>
    <command mnemonic="TC_pafCCD">
      <relativeTime>3722</relativeTime>
      <comment>FFEXP_3000, 2022-11-09 12:00:00, , pointing_altitude = 200000, ExpTime = 5000, NadirSnapshot_Limb_Pointing_macro</comment>
      <tcArguments>
        <tcArgument mnemonic="CCDSEL">64</tcArgument>
        <tcArgument mnemonic="PWR">1</tcArgument>
        <tcArgument mnemonic="WDW">7</tcArgument>
        <tcArgument mnemonic="JPEGQ">100</tcArgument>
        <tcArgument mnemonic="SYNC">0</tcArgument>
        <tcArgument mnemonic="TEXPIMS">62800</tcArgument>
        <tcArgument mnemonic="TEXPMS">5000</tcArgument>
        <tcArgument mnemonic="GAIN">0</tcArgument>
        <tcArgument mnemonic="NFLUSH">1023</tcArgument>
        <tcArgument mnemonic="NRSKIP">0</tcArgument>
        <tcArgument mnemonic="NRBIN">1</tcArgument>
        <tcArgument mnemonic="NROW">511</tcArgument>
        <tcArgument mnemonic="NCSKIP">0</tcArgument>
        <tcArgument mnemonic="NCBIN">1</tcArgument>
        <tcArgument mnemonic="NCOL">2047</tcArgument>
        <tcArgument mnemonic="NCBINFPGA">0</tcArgument>
        <tcArgument mnemonic="SIGMODE">1</tcArgument>
      </tcArguments>
    </command>
    <command mnemonic="TC_pafCCDSNAPSHOT">
      <relativeTime>3724</relativeTime>
      <comment>FFEXP_3000, 2022-11-09 12:00:00, , pointing_altitude = 200000, ExpTime = 5000, NadirSnapshot_Limb_Pointing_macro</comment>
      <tcArguments>
        <tcArgument mnemonic="CCDSEL">64</tcArgument>
      </tcArguments>
    </command>
    <command mnemonic="TC_pafMODE">
      <relativeTime>3726</relativeTime>
      <comment>FFEXP_3000, 2022-11-09 12:00:00, , pointing_altitude = 200000, ExpTime = 15000, Snapshot_Limb_Pointing_macro</comment>
      <tcArguments>
        <tcArgument mnemonic="MODE">2</tcArgument>
      </tcArguments>
    </command>
    <command mnemonic="TC_acfLimbPointingAltitudeOffset">
      <relativeTime>3728</relativeTime>
      <comment>FFEXP_3000, 2022-11-09 12:00:00, , pointing_altitude = 200000, ExpTime = 15000, Snapshot_Limb_Pointing_macro</comment>
      <tcArguments>
        <tcArgument mnemonic="Initial">200000</tcArgument>
        <tcArgument mnemonic="Final">200000</tcArgument>
        <tcArgument mnemonic="Rate">0</tcArgument>
      </tcArguments>
    </command>
    <command mnemonic="TC_pafCCD">
      <relativeTime>3735</relativeTime>
      <comment>FFEXP_3000, 2022-11-09 12:00:00, , pointing_altitude = 200000, ExpTime = 15000, Snapshot_Limb_Pointing_macro</comment>
      <tcArguments>
        <tcArgument mnemonic="CCDSEL">16</tcArgument>
        <tcArgument mnemonic="PWR">1</tcArgument>
        <tcArgument mnemonic="WDW">7</tcArgument>
        <tcArgument mnemonic="JPEGQ">100</tcArgument>
        <tcArgument mnemonic="SYNC">0</tcArgument>
        <tcArgument mnemonic="TEXPIMS">62800</tcArgument>
        <tcArgument mnemonic="TEXPMS">15000</tcArgument>
        <tcArgument mnemonic="GAIN">0</tcArgument>
        <tcArgument mnemonic="NFLUSH">1023</tcArgument>
        <tcArgument mnemonic="NRSKIP">0</tcArgument>
        <tcArgument mnemonic="NRBIN">1</tcArgument>
        <tcArgument mnemonic="NROW">511</tcArgument>
        <tcArgument mnemonic="NCSKIP">0</tcArgument>
        <tcArgument mnemonic="NCBIN">1</tcArgument>
        <tcArgument mnemonic="NCOL">2047</tcArgument>
        <tcArgument mnemonic="NCBINFPGA">0</tcArgument>
        <tcArgument mnemonic="SIGMODE">1</tcArgument>
      </tcArguments>
    </command>
    <command mnemonic="TC_pafCCD">
      <relativeTime>3737</relativeTime>
      <comment>FFEXP_3000, 2022-11-09 12:00:00, , pointing_altitude = 200000, ExpTime = 15000, Snapshot_Limb_Pointing_macro</comment>
      <tcArguments>
        <tcArgument mnemonic="CCDSEL">32</tcArgument>
        <tcArgument mnemonic="PWR">1</tcArgument>
        <tcArgument mnemonic="WDW">7</tcArgument>
        <tcArgument mnemonic="JPEGQ">100</tcArgument>
        <tcArgument mnemonic="SYNC">0</tcArgument>
        <tcArgument mnemonic="TEXPIMS">62800</tcArgument>
        <tcArgument mnemonic="TEXPMS">15000</tcArgument>
        <tcArgument mnemonic="GAIN">0</tcArgument>
        <tcArgument mnemonic="NFLUSH">1023</tcArgument>
        <tcArgument mnemonic="NRSKIP">0</tcArgument>
        <tcArgument mnemonic="NRBIN">1</tcArgument>
        <tcArgument mnemonic="NROW">511</tcArgument>
        <tcArgument mnemonic="NCSKIP">0</tcArgument>
        <tcArgument mnemonic="NCBIN">1</tcArgument>
        <tcArgument mnemonic="NCOL">2047</tcArgument>
        <tcArgument mnemonic="NCBINFPGA">0</tcArgument>
        <tcArgument mnemonic="SIGMODE">1</tcArgument>
      </tcArguments>
    </command>
    <command mnemonic="TC_pafCCD">
      <relativeTime>3739</relativeTime>
      <comment>FFEXP_3000, 2022-11-09 12:00:00, , pointing_altitude = 200000, ExpTime = 15000, Snapshot_Limb_Pointing_macro</comment>
      <tcArguments>
        <tcArgument mnemonic="CCDSEL">1</tcArgument>
        <tcArgument mnemonic="PWR">1</tcArgument>
        <tcArgument mnemonic="WDW">7</tcArgument>
        <tcArgument mnemonic="JPEGQ">100</tcArgument>
        <tcArgument mnemonic="SYNC">0</tcArgument>
        <tcArgument mnemonic="TEXPIMS">62800</tcArgument>
        <tcArgument mnemonic="TEXPMS">15000</tcArgument>
        <tcArgument mnemonic="GAIN">0</tcArgument>
        <tcArgument mnemonic="NFLUSH">1023</tcArgument>
        <tcArgument mnemonic="NRSKIP">0</tcArgument>
        <tcArgument mnemonic="NRBIN">1</tcArgument>
        <tcArgument mnemonic="NROW">511</tcArgument>
        <tcArgument mnemonic="NCSKIP">0</tcArgument>
        <tcArgument mnemonic="NCBIN">1</tcArgument>
        <tcArgument mnemonic="NCOL">2047</tcArgument>
        <tcArgument mnemonic="NCBINFPGA">0</tcArgument>
        <tcArgument mnemonic="SIGMODE">1</tcArgument>
      </tcArguments>
    </command>
    <command mnemonic="TC_pafCCD">
      <relativeTime>3741</relativeTime>
      <comment>FFEXP_3000, 2022-11-09 12:00:00, , pointing_altitude = 200000, ExpTime = 15000, Snapshot_Limb_Pointing_macro</comment>
      <tcArguments>
        <tcArgument mnemonic="CCDSEL">8</tcArgument>
        <tcArgument mnemonic="PWR">1</tcArgument>
        <tcArgument mnemonic="WDW">7</tcArgument>
        <tcArgument mnemonic="JPEGQ">100</tcArgument>
        <tcArgument mnemonic="SYNC">0</tcArgument>
        <tcArgument mnemonic="TEXPIMS">62800</tcArgument>
        <tcArgument mnemonic="TEXPMS">15000</tcArgument>
        <tcArgument mnemonic="GAIN">0</tcArgument>
        <tcArgument mnemonic="NFLUSH">1023</tcArgument>
        <tcArgument mnemonic="NRSKIP">0</tcArgument>
        <tcArgument mnemonic="NRBIN">1</tcArgument>
        <tcArgument mnemonic="NROW">511</tcArgument>
        <tcArgument mnemonic="NCSKIP">0</tcArgument>
        <tcArgument mnemonic="NCBIN">1</tcArgument>
        <tcArgument mnemonic="NCOL">2047</tcArgument>
        <tcArgument mnemonic="NCBINFPGA">0</tcArgument>
        <tcArgument mnemonic="SIGMODE">1</tcArgument>
      </tcArguments>
    </command>
    <command mnemonic="TC_pafCCD">
      <relativeTime>3743</relativeTime>
      <comment>FFEXP_3000, 2022-11-09 12:00:00, , pointing_altitude = 200000, ExpTime = 15000, Snapshot_Limb_Pointing_macro</comment>
      <tcArguments>
        <tcArgument mnemonic="CCDSEL">2</tcArgument>
        <tcArgument mnemonic="PWR">1</tcArgument>
        <tcArgument mnemonic="WDW">7</tcArgument>
        <tcArgument mnemonic="JPEGQ">100</tcArgument>
        <tcArgument mnemonic="SYNC">0</tcArgument>
        <tcArgument mnemonic="TEXPIMS">62800</tcArgument>
        <tcArgument mnemonic="TEXPMS">15000</tcArgument>
        <tcArgument mnemonic="GAIN">0</tcArgument>
        <tcArgument mnemonic="NFLUSH">1023</tcArgument>
        <tcArgument mnemonic="NRSKIP">0</tcArgument>
        <tcArgument mnemonic="NRBIN">1</tcArgument>
        <tcArgument mnemonic="NROW">511</tcArgument>
        <tcArgument mnemonic="NCSKIP">0</tcArgument>
        <tcArgument mnemonic="NCBIN">1</tcArgument>
        <tcArgument mnemonic="NCOL">2047</tcArgument>
        <tcArgument mnemonic="NCBINFPGA">0</tcArgument>
        <tcArgument mnemonic="SIGMODE">1</tcArgument>
      </tcArguments>
    </command>
    <command mnemonic="TC_pafCCD">
      <relativeTime>3745</relativeTime>
      <comment>FFEXP_3000, 2022-11-09 12:00:00, , pointing_altitude = 200000, ExpTime = 15000, Snapshot_Limb_Pointing_macro</comment>
      <tcArguments>
        <tcArgument mnemonic="CCDSEL">4</tcArgument>
        <tcArgument mnemonic="PWR">1</tcArgument>
        <tcArgument mnemonic="WDW">7</tcArgument>
        <tcArgument mnemonic="JPEGQ">100</tcArgument>
        <tcArgument mnemonic="SYNC">0</tcArgument>
        <tcArgument mnemonic="TEXPIMS">62800</tcArgument>
        <tcArgument mnemonic="TEXPMS">15000</tcArgument>
        <tcArgument mnemonic="GAIN">0</tcArgument>
        <tcArgument mnemonic="NFLUSH">1023</tcArgument>
        <tcArgument mnemonic="NRSKIP">0</tcArgument>
        <tcArgument mnemonic="NRBIN">1</tcArgument>
        <tcArgument mnemonic="NROW">511</tcArgument>
        <tcArgument mnemonic="NCSKIP">0</tcArgument>
        <tcArgument mnemonic="NCBIN">1</tcArgument>
        <tcArgument mnemonic="NCOL">2047</tcArgument>
        <tcArgument mnemonic="NCBINFPGA">0</tcArgument>
        <tcArgument mnemonic="SIGMODE">1</tcArgument>
      </tcArguments>
    </command>
    <command mnemonic="TC_pafCCD">
      <relativeTime>3747</relativeTime>
      <comment>FFEXP_3000, 2022-11-09 12:00:00, , pointing_altitude = 200000, ExpTime = 15000, Snapshot_Limb_Pointing_macro</comment>
      <tcArguments>
        <tcArgument mnemonic="CCDSEL">64</tcArgument>
        <tcArgument mnemonic="PWR">1</tcArgument>
        <tcArgument mnemonic="WDW">7</tcArgument>
        <tcArgument mnemonic="JPEGQ">100</tcArgument>
        <tcArgument mnemonic="SYNC">0</tcArgument>
        <tcArgument mnemonic="TEXPIMS">62800</tcArgument>
        <tcArgument mnemonic="TEXPMS">15000</tcArgument>
        <tcArgument mnemonic="GAIN">0</tcArgument>
        <tcArgument mnemonic="NFLUSH">1023</tcArgument>
        <tcArgument mnemonic="NRSKIP">0</tcArgument>
        <tcArgument mnemonic="NRBIN">1</tcArgument>
        <tcArgument mnemonic="NROW">511</tcArgument>
        <tcArgument mnemonic="NCSKIP">0</tcArgument>
        <tcArgument mnemonic="NCBIN">1</tcArgument>
        <tcArgument mnemonic="NCOL">2047</tcArgument>
        <tcArgument mnemonic="NCBINFPGA">0</tcArgument>
        <tcArgument mnemonic="SIGMODE">1</tcArgument>
      </tcArguments>
    </command>
    <command mnemonic="TC_pafCCDSNAPSHOT">
      <relativeTime>3749</relativeTime>
      <comment>FFEXP_3000, 2022-11-09 12:00:00, , pointing_altitude = 200000, ExpTime = 15000, Snapshot_Limb_Pointing_macro</comment>
      <tcArguments>
        <tcArgument mnemonic="CCDSEL">16</tcArgument>
      </tcArguments>
    </command>
    <command mnemonic="TC_pafCCDSNAPSHOT">
      <relativeTime>3759</relativeTime>
      <comment>FFEXP_3000, 2022-11-09 12:00:00, , pointing_altitude = 200000, ExpTime = 15000, Snapshot_Limb_Pointing_macro</comment>
      <tcArguments>
        <tcArgument mnemonic="CCDSEL">32</tcArgument>
      </tcArguments>
    </command>
    <command mnemonic="TC_pafCCDSNAPSHOT">
      <relativeTime>3769</relativeTime>
      <comment>FFEXP_3000, 2022-11-09 12:00:00, , pointing_altitude = 200000, ExpTime = 15000, Snapshot_Limb_Pointing_macro</comment>
      <tcArguments>
        <tcArgument mnemonic="CCDSEL">1</tcArgument>
      </tcArguments>
    </command>
    <command mnemonic="TC_pafCCDSNAPSHOT">
      <relativeTime>3779</relativeTime>
      <comment>FFEXP_3000, 2022-11-09 12:00:00, , pointing_altitude = 200000, ExpTime = 15000, Snapshot_Limb_Pointing_macro</comment>
      <tcArguments>
        <tcArgument mnemonic="CCDSEL">8</tcArgument>
      </tcArguments>
    </command>
    <command mnemonic="TC_pafCCDSNAPSHOT">
      <relativeTime>3789</relativeTime>
      <comment>FFEXP_3000, 2022-11-09 12:00:00, , pointing_altitude = 200000, ExpTime = 15000, Snapshot_Limb_Pointing_macro</comment>
      <tcArguments>
        <tcArgument mnemonic="CCDSEL">2</tcArgument>
      </tcArguments>
    </command>
    <command mnemonic="TC_pafCCDSNAPSHOT">
      <relativeTime>3799</relativeTime>
      <comment>FFEXP_3000, 2022-11-09 12:00:00, , pointing_altitude = 200000, ExpTime = 15000, Snapshot_Limb_Pointing_macro</comment>
      <tcArguments>
        <tcArgument mnemonic="CCDSEL">4</tcArgument>
      </tcArguments>
    </command>
    <command mnemonic="TC_pafMODE">
      <relativeTime>3819</relativeTime>
      <comment>FFEXP_3000, 2022-11-09 12:00:00, , pointing_altitude = 200000, ExpTime = 15000, NadirSnapshot_Limb_Pointing_macro</comment>
      <tcArguments>
        <tcArgument mnemonic="MODE">2</tcArgument>
      </tcArguments>
    </command>
    <command mnemonic="TC_acfLimbPointingAltitudeOffset">
      <relativeTime>3821</relativeTime>
      <comment>FFEXP_3000, 2022-11-09 12:00:00, , pointing_altitude = 200000, ExpTime = 15000, NadirSnapshot_Limb_Pointing_macro</comment>
      <tcArguments>
        <tcArgument mnemonic="Initial">200000</tcArgument>
        <tcArgument mnemonic="Final">200000</tcArgument>
        <tcArgument mnemonic="Rate">0</tcArgument>
      </tcArguments>
    </command>
    <command mnemonic="TC_pafCCD">
      <relativeTime>3838</relativeTime>
      <comment>FFEXP_3000, 2022-11-09 12:00:00, , pointing_altitude = 200000, ExpTime = 15000, NadirSnapshot_Limb_Pointing_macro</comment>
      <tcArguments>
        <tcArgument mnemonic="CCDSEL">64</tcArgument>
        <tcArgument mnemonic="PWR">1</tcArgument>
        <tcArgument mnemonic="WDW">7</tcArgument>
        <tcArgument mnemonic="JPEGQ">100</tcArgument>
        <tcArgument mnemonic="SYNC">0</tcArgument>
        <tcArgument mnemonic="TEXPIMS">62800</tcArgument>
        <tcArgument mnemonic="TEXPMS">15000</tcArgument>
        <tcArgument mnemonic="GAIN">0</tcArgument>
        <tcArgument mnemonic="NFLUSH">1023</tcArgument>
        <tcArgument mnemonic="NRSKIP">0</tcArgument>
        <tcArgument mnemonic="NRBIN">1</tcArgument>
        <tcArgument mnemonic="NROW">511</tcArgument>
        <tcArgument mnemonic="NCSKIP">0</tcArgument>
        <tcArgument mnemonic="NCBIN">1</tcArgument>
        <tcArgument mnemonic="NCOL">2047</tcArgument>
        <tcArgument mnemonic="NCBINFPGA">0</tcArgument>
        <tcArgument mnemonic="SIGMODE">1</tcArgument>
      </tcArguments>
    </command>
    <command mnemonic="TC_pafCCDSNAPSHOT">
      <relativeTime>3840</relativeTime>
      <comment>FFEXP_3000, 2022-11-09 12:00:00, , pointing_altitude = 200000, ExpTime = 15000, NadirSnapshot_Limb_Pointing_macro</comment>
      <tcArguments>
        <tcArgument mnemonic="CCDSEL">64</tcArgument>
      </tcArguments>
    </command>
    <command mnemonic="TC_pafMODE">
      <relativeTime>3842</relativeTime>
      <comment>FFEXP_3000, 2022-11-09 12:00:00, , pointing_altitude = 200000, ExpTime = 25000, Snapshot_Limb_Pointing_macro</comment>
      <tcArguments>
        <tcArgument mnemonic="MODE">2</tcArgument>
      </tcArguments>
    </command>
    <command mnemonic="TC_acfLimbPointingAltitudeOffset">
      <relativeTime>3844</relativeTime>
      <comment>FFEXP_3000, 2022-11-09 12:00:00, , pointing_altitude = 200000, ExpTime = 25000, Snapshot_Limb_Pointing_macro</comment>
      <tcArguments>
        <tcArgument mnemonic="Initial">200000</tcArgument>
        <tcArgument mnemonic="Final">200000</tcArgument>
        <tcArgument mnemonic="Rate">0</tcArgument>
      </tcArguments>
    </command>
    <command mnemonic="TC_pafCCD">
      <relativeTime>3861</relativeTime>
      <comment>FFEXP_3000, 2022-11-09 12:00:00, , pointing_altitude = 200000, ExpTime = 25000, Snapshot_Limb_Pointing_macro</comment>
      <tcArguments>
        <tcArgument mnemonic="CCDSEL">16</tcArgument>
        <tcArgument mnemonic="PWR">1</tcArgument>
        <tcArgument mnemonic="WDW">7</tcArgument>
        <tcArgument mnemonic="JPEGQ">100</tcArgument>
        <tcArgument mnemonic="SYNC">0</tcArgument>
        <tcArgument mnemonic="TEXPIMS">62800</tcArgument>
        <tcArgument mnemonic="TEXPMS">25000</tcArgument>
        <tcArgument mnemonic="GAIN">0</tcArgument>
        <tcArgument mnemonic="NFLUSH">1023</tcArgument>
        <tcArgument mnemonic="NRSKIP">0</tcArgument>
        <tcArgument mnemonic="NRBIN">1</tcArgument>
        <tcArgument mnemonic="NROW">511</tcArgument>
        <tcArgument mnemonic="NCSKIP">0</tcArgument>
        <tcArgument mnemonic="NCBIN">1</tcArgument>
        <tcArgument mnemonic="NCOL">2047</tcArgument>
        <tcArgument mnemonic="NCBINFPGA">0</tcArgument>
        <tcArgument mnemonic="SIGMODE">1</tcArgument>
      </tcArguments>
    </command>
    <command mnemonic="TC_pafCCD">
      <relativeTime>3863</relativeTime>
      <comment>FFEXP_3000, 2022-11-09 12:00:00, , pointing_altitude = 200000, ExpTime = 25000, Snapshot_Limb_Pointing_macro</comment>
      <tcArguments>
        <tcArgument mnemonic="CCDSEL">32</tcArgument>
        <tcArgument mnemonic="PWR">1</tcArgument>
        <tcArgument mnemonic="WDW">7</tcArgument>
        <tcArgument mnemonic="JPEGQ">100</tcArgument>
        <tcArgument mnemonic="SYNC">0</tcArgument>
        <tcArgument mnemonic="TEXPIMS">62800</tcArgument>
        <tcArgument mnemonic="TEXPMS">25000</tcArgument>
        <tcArgument mnemonic="GAIN">0</tcArgument>
        <tcArgument mnemonic="NFLUSH">1023</tcArgument>
        <tcArgument mnemonic="NRSKIP">0</tcArgument>
        <tcArgument mnemonic="NRBIN">1</tcArgument>
        <tcArgument mnemonic="NROW">511</tcArgument>
        <tcArgument mnemonic="NCSKIP">0</tcArgument>
        <tcArgument mnemonic="NCBIN">1</tcArgument>
        <tcArgument mnemonic="NCOL">2047</tcArgument>
        <tcArgument mnemonic="NCBINFPGA">0</tcArgument>
        <tcArgument mnemonic="SIGMODE">1</tcArgument>
      </tcArguments>
    </command>
    <command mnemonic="TC_pafCCD">
      <relativeTime>3865</relativeTime>
      <comment>FFEXP_3000, 2022-11-09 12:00:00, , pointing_altitude = 200000, ExpTime = 25000, Snapshot_Limb_Pointing_macro</comment>
      <tcArguments>
        <tcArgument mnemonic="CCDSEL">1</tcArgument>
        <tcArgument mnemonic="PWR">1</tcArgument>
        <tcArgument mnemonic="WDW">7</tcArgument>
        <tcArgument mnemonic="JPEGQ">100</tcArgument>
        <tcArgument mnemonic="SYNC">0</tcArgument>
        <tcArgument mnemonic="TEXPIMS">62800</tcArgument>
        <tcArgument mnemonic="TEXPMS">25000</tcArgument>
        <tcArgument mnemonic="GAIN">0</tcArgument>
        <tcArgument mnemonic="NFLUSH">1023</tcArgument>
        <tcArgument mnemonic="NRSKIP">0</tcArgument>
        <tcArgument mnemonic="NRBIN">1</tcArgument>
        <tcArgument mnemonic="NROW">511</tcArgument>
        <tcArgument mnemonic="NCSKIP">0</tcArgument>
        <tcArgument mnemonic="NCBIN">1</tcArgument>
        <tcArgument mnemonic="NCOL">2047</tcArgument>
        <tcArgument mnemonic="NCBINFPGA">0</tcArgument>
        <tcArgument mnemonic="SIGMODE">1</tcArgument>
      </tcArguments>
    </command>
    <command mnemonic="TC_pafCCD">
      <relativeTime>3867</relativeTime>
      <comment>FFEXP_3000, 2022-11-09 12:00:00, , pointing_altitude = 200000, ExpTime = 25000, Snapshot_Limb_Pointing_macro</comment>
      <tcArguments>
        <tcArgument mnemonic="CCDSEL">8</tcArgument>
        <tcArgument mnemonic="PWR">1</tcArgument>
        <tcArgument mnemonic="WDW">7</tcArgument>
        <tcArgument mnemonic="JPEGQ">100</tcArgument>
        <tcArgument mnemonic="SYNC">0</tcArgument>
        <tcArgument mnemonic="TEXPIMS">62800</tcArgument>
        <tcArgument mnemonic="TEXPMS">25000</tcArgument>
        <tcArgument mnemonic="GAIN">0</tcArgument>
        <tcArgument mnemonic="NFLUSH">1023</tcArgument>
        <tcArgument mnemonic="NRSKIP">0</tcArgument>
        <tcArgument mnemonic="NRBIN">1</tcArgument>
        <tcArgument mnemonic="NROW">511</tcArgument>
        <tcArgument mnemonic="NCSKIP">0</tcArgument>
        <tcArgument mnemonic="NCBIN">1</tcArgument>
        <tcArgument mnemonic="NCOL">2047</tcArgument>
        <tcArgument mnemonic="NCBINFPGA">0</tcArgument>
        <tcArgument mnemonic="SIGMODE">1</tcArgument>
      </tcArguments>
    </command>
    <command mnemonic="TC_pafCCD">
      <relativeTime>3869</relativeTime>
      <comment>FFEXP_3000, 2022-11-09 12:00:00, , pointing_altitude = 200000, ExpTime = 25000, Snapshot_Limb_Pointing_macro</comment>
      <tcArguments>
        <tcArgument mnemonic="CCDSEL">2</tcArgument>
        <tcArgument mnemonic="PWR">1</tcArgument>
        <tcArgument mnemonic="WDW">7</tcArgument>
        <tcArgument mnemonic="JPEGQ">100</tcArgument>
        <tcArgument mnemonic="SYNC">0</tcArgument>
        <tcArgument mnemonic="TEXPIMS">62800</tcArgument>
        <tcArgument mnemonic="TEXPMS">25000</tcArgument>
        <tcArgument mnemonic="GAIN">0</tcArgument>
        <tcArgument mnemonic="NFLUSH">1023</tcArgument>
        <tcArgument mnemonic="NRSKIP">0</tcArgument>
        <tcArgument mnemonic="NRBIN">1</tcArgument>
        <tcArgument mnemonic="NROW">511</tcArgument>
        <tcArgument mnemonic="NCSKIP">0</tcArgument>
        <tcArgument mnemonic="NCBIN">1</tcArgument>
        <tcArgument mnemonic="NCOL">2047</tcArgument>
        <tcArgument mnemonic="NCBINFPGA">0</tcArgument>
        <tcArgument mnemonic="SIGMODE">1</tcArgument>
      </tcArguments>
    </command>
    <command mnemonic="TC_pafCCD">
      <relativeTime>3871</relativeTime>
      <comment>FFEXP_3000, 2022-11-09 12:00:00, , pointing_altitude = 200000, ExpTime = 25000, Snapshot_Limb_Pointing_macro</comment>
      <tcArguments>
        <tcArgument mnemonic="CCDSEL">4</tcArgument>
        <tcArgument mnemonic="PWR">1</tcArgument>
        <tcArgument mnemonic="WDW">7</tcArgument>
        <tcArgument mnemonic="JPEGQ">100</tcArgument>
        <tcArgument mnemonic="SYNC">0</tcArgument>
        <tcArgument mnemonic="TEXPIMS">62800</tcArgument>
        <tcArgument mnemonic="TEXPMS">25000</tcArgument>
        <tcArgument mnemonic="GAIN">0</tcArgument>
        <tcArgument mnemonic="NFLUSH">1023</tcArgument>
        <tcArgument mnemonic="NRSKIP">0</tcArgument>
        <tcArgument mnemonic="NRBIN">1</tcArgument>
        <tcArgument mnemonic="NROW">511</tcArgument>
        <tcArgument mnemonic="NCSKIP">0</tcArgument>
        <tcArgument mnemonic="NCBIN">1</tcArgument>
        <tcArgument mnemonic="NCOL">2047</tcArgument>
        <tcArgument mnemonic="NCBINFPGA">0</tcArgument>
        <tcArgument mnemonic="SIGMODE">1</tcArgument>
      </tcArguments>
    </command>
    <command mnemonic="TC_pafCCD">
      <relativeTime>3873</relativeTime>
      <comment>FFEXP_3000, 2022-11-09 12:00:00, , pointing_altitude = 200000, ExpTime = 25000, Snapshot_Limb_Pointing_macro</comment>
      <tcArguments>
        <tcArgument mnemonic="CCDSEL">64</tcArgument>
        <tcArgument mnemonic="PWR">1</tcArgument>
        <tcArgument mnemonic="WDW">7</tcArgument>
        <tcArgument mnemonic="JPEGQ">100</tcArgument>
        <tcArgument mnemonic="SYNC">0</tcArgument>
        <tcArgument mnemonic="TEXPIMS">62800</tcArgument>
        <tcArgument mnemonic="TEXPMS">25000</tcArgument>
        <tcArgument mnemonic="GAIN">0</tcArgument>
        <tcArgument mnemonic="NFLUSH">1023</tcArgument>
        <tcArgument mnemonic="NRSKIP">0</tcArgument>
        <tcArgument mnemonic="NRBIN">1</tcArgument>
        <tcArgument mnemonic="NROW">511</tcArgument>
        <tcArgument mnemonic="NCSKIP">0</tcArgument>
        <tcArgument mnemonic="NCBIN">1</tcArgument>
        <tcArgument mnemonic="NCOL">2047</tcArgument>
        <tcArgument mnemonic="NCBINFPGA">0</tcArgument>
        <tcArgument mnemonic="SIGMODE">1</tcArgument>
      </tcArguments>
    </command>
    <command mnemonic="TC_pafCCDSNAPSHOT">
      <relativeTime>3875</relativeTime>
      <comment>FFEXP_3000, 2022-11-09 12:00:00, , pointing_altitude = 200000, ExpTime = 25000, Snapshot_Limb_Pointing_macro</comment>
      <tcArguments>
        <tcArgument mnemonic="CCDSEL">16</tcArgument>
      </tcArguments>
    </command>
    <command mnemonic="TC_pafCCDSNAPSHOT">
      <relativeTime>3885</relativeTime>
      <comment>FFEXP_3000, 2022-11-09 12:00:00, , pointing_altitude = 200000, ExpTime = 25000, Snapshot_Limb_Pointing_macro</comment>
      <tcArguments>
        <tcArgument mnemonic="CCDSEL">32</tcArgument>
      </tcArguments>
    </command>
    <command mnemonic="TC_pafCCDSNAPSHOT">
      <relativeTime>3895</relativeTime>
      <comment>FFEXP_3000, 2022-11-09 12:00:00, , pointing_altitude = 200000, ExpTime = 25000, Snapshot_Limb_Pointing_macro</comment>
      <tcArguments>
        <tcArgument mnemonic="CCDSEL">1</tcArgument>
      </tcArguments>
    </command>
    <command mnemonic="TC_pafCCDSNAPSHOT">
      <relativeTime>3905</relativeTime>
      <comment>FFEXP_3000, 2022-11-09 12:00:00, , pointing_altitude = 200000, ExpTime = 25000, Snapshot_Limb_Pointing_macro</comment>
      <tcArguments>
        <tcArgument mnemonic="CCDSEL">8</tcArgument>
      </tcArguments>
    </command>
    <command mnemonic="TC_pafCCDSNAPSHOT">
      <relativeTime>3915</relativeTime>
      <comment>FFEXP_3000, 2022-11-09 12:00:00, , pointing_altitude = 200000, ExpTime = 25000, Snapshot_Limb_Pointing_macro</comment>
      <tcArguments>
        <tcArgument mnemonic="CCDSEL">2</tcArgument>
      </tcArguments>
    </command>
    <command mnemonic="TC_pafCCDSNAPSHOT">
      <relativeTime>3925</relativeTime>
      <comment>FFEXP_3000, 2022-11-09 12:00:00, , pointing_altitude = 200000, ExpTime = 25000, Snapshot_Limb_Pointing_macro</comment>
      <tcArguments>
        <tcArgument mnemonic="CCDSEL">4</tcArgument>
      </tcArguments>
    </command>
    <command mnemonic="TC_pafMODE">
      <relativeTime>3945</relativeTime>
      <comment>FFEXP_3000, 2022-11-09 12:00:00, , pointing_altitude = 200000, ExpTime = 25000, NadirSnapshot_Limb_Pointing_macro</comment>
      <tcArguments>
        <tcArgument mnemonic="MODE">2</tcArgument>
      </tcArguments>
    </command>
    <command mnemonic="TC_acfLimbPointingAltitudeOffset">
      <relativeTime>3947</relativeTime>
      <comment>FFEXP_3000, 2022-11-09 12:00:00, , pointing_altitude = 200000, ExpTime = 25000, NadirSnapshot_Limb_Pointing_macro</comment>
      <tcArguments>
        <tcArgument mnemonic="Initial">200000</tcArgument>
        <tcArgument mnemonic="Final">200000</tcArgument>
        <tcArgument mnemonic="Rate">0</tcArgument>
      </tcArguments>
    </command>
    <command mnemonic="TC_pafCCD">
      <relativeTime>3974</relativeTime>
      <comment>FFEXP_3000, 2022-11-09 12:00:00, , pointing_altitude = 200000, ExpTime = 25000, NadirSnapshot_Limb_Pointing_macro</comment>
      <tcArguments>
        <tcArgument mnemonic="CCDSEL">64</tcArgument>
        <tcArgument mnemonic="PWR">1</tcArgument>
        <tcArgument mnemonic="WDW">7</tcArgument>
        <tcArgument mnemonic="JPEGQ">100</tcArgument>
        <tcArgument mnemonic="SYNC">0</tcArgument>
        <tcArgument mnemonic="TEXPIMS">62800</tcArgument>
        <tcArgument mnemonic="TEXPMS">25000</tcArgument>
        <tcArgument mnemonic="GAIN">0</tcArgument>
        <tcArgument mnemonic="NFLUSH">1023</tcArgument>
        <tcArgument mnemonic="NRSKIP">0</tcArgument>
        <tcArgument mnemonic="NRBIN">1</tcArgument>
        <tcArgument mnemonic="NROW">511</tcArgument>
        <tcArgument mnemonic="NCSKIP">0</tcArgument>
        <tcArgument mnemonic="NCBIN">1</tcArgument>
        <tcArgument mnemonic="NCOL">2047</tcArgument>
        <tcArgument mnemonic="NCBINFPGA">0</tcArgument>
        <tcArgument mnemonic="SIGMODE">1</tcArgument>
      </tcArguments>
    </command>
    <command mnemonic="TC_pafCCDSNAPSHOT">
      <relativeTime>3976</relativeTime>
      <comment>FFEXP_3000, 2022-11-09 12:00:00, , pointing_altitude = 200000, ExpTime = 25000, NadirSnapshot_Limb_Pointing_macro</comment>
      <tcArguments>
        <tcArgument mnemonic="CCDSEL">64</tcArgument>
      </tcArguments>
    </command>
  </listOfCommands>
</InnoSatTimeline>
