[
  [
    "Timeline_settings",
    "This Timeline was created using these settings from data/early_harvest/configfile_3030_OP5.json",
    "Note: These Timeline_settings and TLE will be used when converting into a XML",
    "Generated on: 2022/11/06 16:07:28",
    "Version: 02",
    {
      "start_date": "2022/11/09 14:30:00",
      "duration": {
        "day": 0,
        "hours": 1,
        "seconds": 600,
        "duration": 4200
      },
      "Mode1_2_5_minDuration": 300,
      "mode_separation": 15,
      "CMD_duration": 30,
      "yaw_correction": false,
      "yaw_amplitude": -3.8,
      "yaw_phase": 20,
      "intrument_look_vector": {
        "x": 1,
        "y": 0,
        "z": 0
      },
      "Choose_Operational_Science_Mode": 5,
      "StandardPointingAltitude": 92500,
      "CMD_separation": 2,
      "pointing_stabilization": 10,
      "CCDSYNC_ExtraOffset": 50,
      "CCDSYNC_ExtraIntervalTime": 200,
      "CCDSYNC_Waittime": 20
    },
    [
      "1 99988U 22123    22304.76424065  .00004664  00000-0  44774-3 0 00000",
      "2 99988 097.6561 307.5659 0012827 298.3476 106.0390 14.93086308000015"
    ]
  ],
  [
    "Payload_Power_Toggle",
    "2022/11/09 14:30:00",
    "2022/11/09 14:30:45",
    {},
    "Number of times date postponed: 0"
  ],
  [
    "ArgEnableYawComp",
    "2022/11/09 14:30:45",
    "2022/11/09 14:31:30",
    {
      "EnableYawComp": 0
    },
    "Number of times date postponed: 1"
  ],
  [
    "CCDFlushBadColumns",
    "2022/11/09 14:31:30",
    "2022/11/09 14:32:15",
    {
      "CCDSEL": 127
    },
    "Number of times date postponed: 2"
  ],
  [
    "CCDBadColumn",
    "2022/11/09 14:32:15",
    "2022/11/09 14:33:00",
    {
      "CCDSEL": 1,
      "NBC": 0,
      "BC": []
    },
    "Number of times date postponed: 3"
  ],
  [
    "CCDBIAS",
    "2022/11/09 14:33:00",
    "2022/11/09 14:33:45",
    {
      "CCDSEL": 127,
      "VGATE": 0,
      "VSUBST": 128,
      "VRD": 126,
      "VOD": 100
    },
    "Number of times date postponed: 4"
  ],
  [
    "PM",
    "2022/11/09 14:33:45",
    "2022/11/09 14:34:30",
    {
      "TEXPMS": 1500,
      "TEXPIMS": 2000
    },
    "Number of times date postponed: 5"
  ],
  [
    "TurnONCCDs",
    "2022/11/09 14:34:30",
    "2022/11/09 14:35:15",
    {},
    "Number of times date postponed: 6"
  ],
  [
    "Mode5",
    "2022/11/09 14:35:15",
    "2022/11/09 15:39:45",
    {
      "lat": 45,
      "log_timestep": 800,
      "timestep": 8,
      "Choose_Mode5CCDMacro": "CustomBinning"
    },
    "Number of Modes inserted: 1"
  ]
]