<InnoSatTimeline originator="OHB" sdbVersion="9.5.99.2">
  <description>
    <timelineID procedureIdentifier="3101" descriptiveName="202211222022112001MODE5" version="01"/>
    <changeLog>
      <changeLogItem version="01" date="2022-11-20" author="OMC">The file was created using OPT</changeLogItem>
    </changeLog>
    <validity>
      <startingDate>2022-11-22T17:45:00</startingDate>
      <scenarioDuration>50400</scenarioDuration>
    </validity>
    <comment>This command sequence is an Innosat timeline for MATS created with OPT. Science Mode Timeline used to generate: data/comissioning/Science_Mode_Timeline_3101_22112222112001MODE5.json, Configuration File used: data/comissioning/configfile_3101_MODE5.json</comment>
  </description>
  <listOfCommands>
    <procedure id="FCP-MTS-0035_Payload_Power_Toggle">
      <relativeTime>0</relativeTime>
      <comment>Payload_Power_Toggle, 2022/11/22 17:45:00</comment>
      <parameters/>
    </procedure>
    <command mnemonic="TC_acfArgEnableYawComp">
      <relativeTime>45</relativeTime>
      <comment>2022/11/22 17:45:45</comment>
      <tcArguments>
        <tcArgument mnemonic="EnableYawComp">0</tcArgument>
      </tcArguments>
    </command>
    <command mnemonic="TC_pafCCDFlushBadColumns">
      <relativeTime>90</relativeTime>
      <comment>2022/11/22 17:46:30</comment>
      <tcArguments>
        <tcArgument mnemonic="CCDSEL">127</tcArgument>
      </tcArguments>
    </command>
    <command mnemonic="TC_pafCCDBadColumn">
      <relativeTime>135</relativeTime>
      <comment>2022/11/22 17:47:15</comment>
      <tcArguments>
        <tcArgument mnemonic="CCDSEL">1</tcArgument>
        <tcArgument mnemonic="NBC">0</tcArgument>
      </tcArguments>
    </command>
    <command mnemonic="TC_pafCCDBIAS">
      <relativeTime>180</relativeTime>
      <comment>2022/11/22 17:48:00</comment>
      <tcArguments>
        <tcArgument mnemonic="CCDSEL">127</tcArgument>
        <tcArgument mnemonic="VGATE">0</tcArgument>
        <tcArgument mnemonic="VSUBST">128</tcArgument>
        <tcArgument mnemonic="VRD">126</tcArgument>
        <tcArgument mnemonic="VOD">100</tcArgument>
      </tcArguments>
    </command>
    <command mnemonic="TC_pafPM">
      <relativeTime>225</relativeTime>
      <comment>2022/11/22 17:48:45</comment>
      <tcArguments>
        <tcArgument mnemonic="TEXPMS">1500</tcArgument>
        <tcArgument mnemonic="TEXPIMS">2000</tcArgument>
      </tcArguments>
    </command>
    <command mnemonic="TC_pafCCD">
      <relativeTime>270</relativeTime>
      <comment>TurnONCCDs, 2022/11/22 17:49:30</comment>
      <tcArguments>
        <tcArgument mnemonic="CCDSEL">127</tcArgument>
        <tcArgument mnemonic="PWR">1</tcArgument>
        <tcArgument mnemonic="WDW">7</tcArgument>
        <tcArgument mnemonic="JPEGQ">100</tcArgument>
        <tcArgument mnemonic="SYNC">0</tcArgument>
        <tcArgument mnemonic="TEXPIMS">6000</tcArgument>
        <tcArgument mnemonic="TEXPMS">0</tcArgument>
        <tcArgument mnemonic="GAIN">0</tcArgument>
        <tcArgument mnemonic="NFLUSH">1023</tcArgument>
        <tcArgument mnemonic="NRSKIP">0</tcArgument>
        <tcArgument mnemonic="NRBIN">1</tcArgument>
        <tcArgument mnemonic="NROW">1</tcArgument>
        <tcArgument mnemonic="NCSKIP">0</tcArgument>
        <tcArgument mnemonic="NCBIN">1</tcArgument>
        <tcArgument mnemonic="NCOL">1</tcArgument>
        <tcArgument mnemonic="NCBINFPGA">0</tcArgument>
        <tcArgument mnemonic="SIGMODE">1</tcArgument>
      </tcArguments>
    </command>
    <command mnemonic="TC_pafMODE">
      <relativeTime>315</relativeTime>
      <comment>Mode5 starting date: 2022/11/22 17:50:15, {'lat': 45, 'log_timestep': 800, 'timestep': 8, 'Choose_Mode5CCDMacro': 'CustomBinning'}, Operational_Limb_Pointing_macro</comment>
      <tcArguments>
        <tcArgument mnemonic="MODE">2</tcArgument>
      </tcArguments>
    </command>
    <command mnemonic="TC_acfLimbPointingAltitudeOffset">
      <relativeTime>317</relativeTime>
      <comment>Mode5 starting date: 2022/11/22 17:50:15, {'lat': 45, 'log_timestep': 800, 'timestep': 8, 'Choose_Mode5CCDMacro': 'CustomBinning'}, Operational_Limb_Pointing_macro</comment>
      <tcArguments>
        <tcArgument mnemonic="Initial">92500</tcArgument>
        <tcArgument mnemonic="Final">92500</tcArgument>
        <tcArgument mnemonic="Rate">0</tcArgument>
      </tcArguments>
    </command>
    <command mnemonic="TC_pafPM">
      <relativeTime>327</relativeTime>
      <comment>Mode5 starting date: 2022/11/22 17:50:15, {'lat': 45, 'log_timestep': 800, 'timestep': 8, 'Choose_Mode5CCDMacro': 'CustomBinning'}, Operational_Limb_Pointing_macro</comment>
      <tcArguments>
        <tcArgument mnemonic="TEXPMS">1500</tcArgument>
        <tcArgument mnemonic="TEXPIMS">2000</tcArgument>
      </tcArguments>
    </command>
    <command mnemonic="TC_pafCCD">
      <relativeTime>329</relativeTime>
      <comment>Mode5 starting date: 2022/11/22 17:50:15, {'lat': 45, 'log_timestep': 800, 'timestep': 8, 'Choose_Mode5CCDMacro': 'CustomBinning'}, Operational_Limb_Pointing_macro</comment>
      <tcArguments>
        <tcArgument mnemonic="CCDSEL">16</tcArgument>
        <tcArgument mnemonic="PWR">1</tcArgument>
        <tcArgument mnemonic="WDW">128</tcArgument>
        <tcArgument mnemonic="JPEGQ">100</tcArgument>
        <tcArgument mnemonic="SYNC">0</tcArgument>
        <tcArgument mnemonic="TEXPIMS">5700</tcArgument>
        <tcArgument mnemonic="TEXPMS">5000</tcArgument>
        <tcArgument mnemonic="GAIN">0</tcArgument>
        <tcArgument mnemonic="NFLUSH">1023</tcArgument>
        <tcArgument mnemonic="NRSKIP">0</tcArgument>
        <tcArgument mnemonic="NRBIN">2</tcArgument>
        <tcArgument mnemonic="NROW">255</tcArgument>
        <tcArgument mnemonic="NCSKIP">0</tcArgument>
        <tcArgument mnemonic="NCBIN">40</tcArgument>
        <tcArgument mnemonic="NCOL">50</tcArgument>
        <tcArgument mnemonic="NCBINFPGA">0</tcArgument>
        <tcArgument mnemonic="SIGMODE">1</tcArgument>
      </tcArguments>
    </command>
    <command mnemonic="TC_pafCCD">
      <relativeTime>331</relativeTime>
      <comment>Mode5 starting date: 2022/11/22 17:50:15, {'lat': 45, 'log_timestep': 800, 'timestep': 8, 'Choose_Mode5CCDMacro': 'CustomBinning'}, Operational_Limb_Pointing_macro</comment>
      <tcArguments>
        <tcArgument mnemonic="CCDSEL">32</tcArgument>
        <tcArgument mnemonic="PWR">1</tcArgument>
        <tcArgument mnemonic="WDW">128</tcArgument>
        <tcArgument mnemonic="JPEGQ">100</tcArgument>
        <tcArgument mnemonic="SYNC">0</tcArgument>
        <tcArgument mnemonic="TEXPIMS">5700</tcArgument>
        <tcArgument mnemonic="TEXPMS">5000</tcArgument>
        <tcArgument mnemonic="GAIN">0</tcArgument>
        <tcArgument mnemonic="NFLUSH">1023</tcArgument>
        <tcArgument mnemonic="NRSKIP">0</tcArgument>
        <tcArgument mnemonic="NRBIN">2</tcArgument>
        <tcArgument mnemonic="NROW">255</tcArgument>
        <tcArgument mnemonic="NCSKIP">0</tcArgument>
        <tcArgument mnemonic="NCBIN">40</tcArgument>
        <tcArgument mnemonic="NCOL">50</tcArgument>
        <tcArgument mnemonic="NCBINFPGA">0</tcArgument>
        <tcArgument mnemonic="SIGMODE">1</tcArgument>
      </tcArguments>
    </command>
    <command mnemonic="TC_pafCCD">
      <relativeTime>333</relativeTime>
      <comment>Mode5 starting date: 2022/11/22 17:50:15, {'lat': 45, 'log_timestep': 800, 'timestep': 8, 'Choose_Mode5CCDMacro': 'CustomBinning'}, Operational_Limb_Pointing_macro</comment>
      <tcArguments>
        <tcArgument mnemonic="CCDSEL">1</tcArgument>
        <tcArgument mnemonic="PWR">1</tcArgument>
        <tcArgument mnemonic="WDW">128</tcArgument>
        <tcArgument mnemonic="JPEGQ">100</tcArgument>
        <tcArgument mnemonic="SYNC">0</tcArgument>
        <tcArgument mnemonic="TEXPIMS">5700</tcArgument>
        <tcArgument mnemonic="TEXPMS">5000</tcArgument>
        <tcArgument mnemonic="GAIN">0</tcArgument>
        <tcArgument mnemonic="NFLUSH">1023</tcArgument>
        <tcArgument mnemonic="NRSKIP">0</tcArgument>
        <tcArgument mnemonic="NRBIN">2</tcArgument>
        <tcArgument mnemonic="NROW">255</tcArgument>
        <tcArgument mnemonic="NCSKIP">0</tcArgument>
        <tcArgument mnemonic="NCBIN">40</tcArgument>
        <tcArgument mnemonic="NCOL">50</tcArgument>
        <tcArgument mnemonic="NCBINFPGA">0</tcArgument>
        <tcArgument mnemonic="SIGMODE">1</tcArgument>
      </tcArguments>
    </command>
    <command mnemonic="TC_pafCCD">
      <relativeTime>335</relativeTime>
      <comment>Mode5 starting date: 2022/11/22 17:50:15, {'lat': 45, 'log_timestep': 800, 'timestep': 8, 'Choose_Mode5CCDMacro': 'CustomBinning'}, Operational_Limb_Pointing_macro</comment>
      <tcArguments>
        <tcArgument mnemonic="CCDSEL">8</tcArgument>
        <tcArgument mnemonic="PWR">1</tcArgument>
        <tcArgument mnemonic="WDW">128</tcArgument>
        <tcArgument mnemonic="JPEGQ">100</tcArgument>
        <tcArgument mnemonic="SYNC">0</tcArgument>
        <tcArgument mnemonic="TEXPIMS">5700</tcArgument>
        <tcArgument mnemonic="TEXPMS">5000</tcArgument>
        <tcArgument mnemonic="GAIN">0</tcArgument>
        <tcArgument mnemonic="NFLUSH">1023</tcArgument>
        <tcArgument mnemonic="NRSKIP">0</tcArgument>
        <tcArgument mnemonic="NRBIN">2</tcArgument>
        <tcArgument mnemonic="NROW">255</tcArgument>
        <tcArgument mnemonic="NCSKIP">0</tcArgument>
        <tcArgument mnemonic="NCBIN">40</tcArgument>
        <tcArgument mnemonic="NCOL">50</tcArgument>
        <tcArgument mnemonic="NCBINFPGA">0</tcArgument>
        <tcArgument mnemonic="SIGMODE">1</tcArgument>
      </tcArguments>
    </command>
    <command mnemonic="TC_pafCCD">
      <relativeTime>337</relativeTime>
      <comment>Mode5 starting date: 2022/11/22 17:50:15, {'lat': 45, 'log_timestep': 800, 'timestep': 8, 'Choose_Mode5CCDMacro': 'CustomBinning'}, Operational_Limb_Pointing_macro</comment>
      <tcArguments>
        <tcArgument mnemonic="CCDSEL">2</tcArgument>
        <tcArgument mnemonic="PWR">1</tcArgument>
        <tcArgument mnemonic="WDW">128</tcArgument>
        <tcArgument mnemonic="JPEGQ">100</tcArgument>
        <tcArgument mnemonic="SYNC">0</tcArgument>
        <tcArgument mnemonic="TEXPIMS">5700</tcArgument>
        <tcArgument mnemonic="TEXPMS">5000</tcArgument>
        <tcArgument mnemonic="GAIN">0</tcArgument>
        <tcArgument mnemonic="NFLUSH">1023</tcArgument>
        <tcArgument mnemonic="NRSKIP">0</tcArgument>
        <tcArgument mnemonic="NRBIN">2</tcArgument>
        <tcArgument mnemonic="NROW">255</tcArgument>
        <tcArgument mnemonic="NCSKIP">0</tcArgument>
        <tcArgument mnemonic="NCBIN">40</tcArgument>
        <tcArgument mnemonic="NCOL">50</tcArgument>
        <tcArgument mnemonic="NCBINFPGA">0</tcArgument>
        <tcArgument mnemonic="SIGMODE">1</tcArgument>
      </tcArguments>
    </command>
    <command mnemonic="TC_pafCCD">
      <relativeTime>339</relativeTime>
      <comment>Mode5 starting date: 2022/11/22 17:50:15, {'lat': 45, 'log_timestep': 800, 'timestep': 8, 'Choose_Mode5CCDMacro': 'CustomBinning'}, Operational_Limb_Pointing_macro</comment>
      <tcArguments>
        <tcArgument mnemonic="CCDSEL">4</tcArgument>
        <tcArgument mnemonic="PWR">1</tcArgument>
        <tcArgument mnemonic="WDW">128</tcArgument>
        <tcArgument mnemonic="JPEGQ">100</tcArgument>
        <tcArgument mnemonic="SYNC">0</tcArgument>
        <tcArgument mnemonic="TEXPIMS">5700</tcArgument>
        <tcArgument mnemonic="TEXPMS">5000</tcArgument>
        <tcArgument mnemonic="GAIN">0</tcArgument>
        <tcArgument mnemonic="NFLUSH">1023</tcArgument>
        <tcArgument mnemonic="NRSKIP">0</tcArgument>
        <tcArgument mnemonic="NRBIN">2</tcArgument>
        <tcArgument mnemonic="NROW">255</tcArgument>
        <tcArgument mnemonic="NCSKIP">0</tcArgument>
        <tcArgument mnemonic="NCBIN">40</tcArgument>
        <tcArgument mnemonic="NCOL">50</tcArgument>
        <tcArgument mnemonic="NCBINFPGA">0</tcArgument>
        <tcArgument mnemonic="SIGMODE">1</tcArgument>
      </tcArguments>
    </command>
    <command mnemonic="TC_pafCCD">
      <relativeTime>341</relativeTime>
      <comment>Mode5 starting date: 2022/11/22 17:50:15, {'lat': 45, 'log_timestep': 800, 'timestep': 8, 'Choose_Mode5CCDMacro': 'CustomBinning'}, Operational_Limb_Pointing_macro</comment>
      <tcArguments>
        <tcArgument mnemonic="CCDSEL">64</tcArgument>
        <tcArgument mnemonic="PWR">1</tcArgument>
        <tcArgument mnemonic="WDW">128</tcArgument>
        <tcArgument mnemonic="JPEGQ">100</tcArgument>
        <tcArgument mnemonic="SYNC">0</tcArgument>
        <tcArgument mnemonic="TEXPIMS">2000</tcArgument>
        <tcArgument mnemonic="TEXPMS">1500</tcArgument>
        <tcArgument mnemonic="GAIN">0</tcArgument>
        <tcArgument mnemonic="NFLUSH">1023</tcArgument>
        <tcArgument mnemonic="NRSKIP">0</tcArgument>
        <tcArgument mnemonic="NRBIN">36</tcArgument>
        <tcArgument mnemonic="NROW">14</tcArgument>
        <tcArgument mnemonic="NCSKIP">0</tcArgument>
        <tcArgument mnemonic="NCBIN">36</tcArgument>
        <tcArgument mnemonic="NCOL">55</tcArgument>
        <tcArgument mnemonic="NCBINFPGA">0</tcArgument>
        <tcArgument mnemonic="SIGMODE">1</tcArgument>
      </tcArguments>
    </command>
    <command mnemonic="TC_pafCCDSYNCHRONIZE">
      <relativeTime>343</relativeTime>
      <comment>Mode5 starting date: 2022/11/22 17:50:15, {'lat': 45, 'log_timestep': 800, 'timestep': 8, 'Choose_Mode5CCDMacro': 'CustomBinning'}, Operational_Limb_Pointing_macro</comment>
      <tcArguments>
        <tcArgument mnemonic="CCDSEL">63</tcArgument>
        <tcArgument mnemonic="NCCD">6</tcArgument>
        <tcArgument mnemonic="TEXPIOFS">1080</tcArgument>
        <tcArgument mnemonic="TEXPIOFS">2150</tcArgument>
        <tcArgument mnemonic="TEXPIOFS">2690</tcArgument>
        <tcArgument mnemonic="TEXPIOFS">1620</tcArgument>
        <tcArgument mnemonic="TEXPIOFS">0</tcArgument>
        <tcArgument mnemonic="TEXPIOFS">540</tcArgument>
      </tcArguments>
    </command>
    <command mnemonic="TC_pafMODE">
      <relativeTime>365</relativeTime>
      <comment>Mode5 starting date: 2022/11/22 17:50:15, {'lat': 45, 'log_timestep': 800, 'timestep': 8, 'Choose_Mode5CCDMacro': 'CustomBinning'}, Operational_Limb_Pointing_macro</comment>
      <tcArguments>
        <tcArgument mnemonic="MODE">1</tcArgument>
      </tcArguments>
    </command>
        <command mnemonic="TC_pafMODE">
      <relativeTime>50300</relativeTime>
      <comment>Manually set instrument in Idle mode</comment>
      <tcArguments>
        <tcArgument mnemonic="MODE">2</tcArgument>
      </tcArguments>
    </command>
  </listOfCommands>
</InnoSatTimeline>
