[
  [
    "Timeline_settings",
    "This Timeline was created using these settings from data/comissioning/configfile_3041_STAR.json",
    "Note: These Timeline_settings and TLE will be used when converting into a XML",
    "Generated on: 2022/11/21 12:22:11",
    "Version: 01",
    {
      "start_date": "2022/11/23 09:45:00",
      "duration": {
        "day": 0,
        "hours": 1,
        "seconds": 900,
        "duration": 4500
      },
      "Mode1_2_5_minDuration": 300,
      "mode_separation": 15,
      "CMD_duration": 30,
      "yaw_correction": false,
      "yaw_amplitude": -3.8,
      "yaw_phase": 20,
      "intrument_look_vector": {
        "x": 1,
        "y": 0,
        "z": 0
      },
      "Choose_Operational_Science_Mode": 0,
      "StandardPointingAltitude": 92500,
      "CMD_separation": 2,
      "pointing_stabilization": 10,
      "CCDSYNC_ExtraOffset": 50,
      "CCDSYNC_ExtraIntervalTime": 200,
      "CCDSYNC_Waittime": 20
    },
    [
      "1 54228U 22147B   22322.22980655  .00014039  00000+0  13611-2 0  9995",
      "2 54228  97.6578 324.5811 0012588 257.7072 102.0551 14.92732403  2015"
    ]
  ],
  [
    "Payload_Power_Toggle",
    "2022/11/23 09:45:00",
    "2022/11/23 09:45:45",
    {},
    "Number of times date postponed: 0"
  ],
  [
    "ArgEnableYawComp",
    "2022/11/23 09:45:45",
    "2022/11/23 09:46:30",
    {
      "EnableYawComp": 0
    },
    "Number of times date postponed: 1"
  ],
  [
    "CCDFlushBadColumns",
    "2022/11/23 09:46:30",
    "2022/11/23 09:47:15",
    {
      "CCDSEL": 127
    },
    "Number of times date postponed: 2"
  ],
  [
    "CCDBadColumn",
    "2022/11/23 09:47:15",
    "2022/11/23 09:48:00",
    {
      "CCDSEL": 1,
      "NBC": 0,
      "BC": []
    },
    "Number of times date postponed: 3"
  ],
  [
    "CCDBIAS",
    "2022/11/23 09:48:00",
    "2022/11/23 09:48:45",
    {
      "CCDSEL": 127,
      "VGATE": 0,
      "VSUBST": 128,
      "VRD": 126,
      "VOD": 100
    },
    "Number of times date postponed: 4"
  ],
  [
    "PM",
    "2022/11/23 09:48:45",
    "2022/11/23 09:49:30",
    {
      "TEXPMS": 1500,
      "TEXPIMS": 2000
    },
    "Number of times date postponed: 5"
  ],
  [
    "TurnONCCDs",
    "2022/11/23 09:49:30",
    "2022/11/23 09:50:15",
    {},
    "Number of times date postponed: 6"
  ],
  [
    "Mode1",
    "2022/11/23 09:50:15",
    "2022/11/23 10:09:05",
    {
      "lat": 45,
      "log_timestep": 800,
      "timestep": 8,
      "Choose_Mode5CCDMacro": "CustomBinning"
    },
    "Number of Modes inserted: 2"
  ],
  [
    "STAR_3040",
    "2022/11/23 10:09:20",
    "2022/11/23 10:11:07",
    {
      "pointing_altitude": 92500,
      "pointing_altitude_end": 230000,
      "V_offset": [
        0
      ],
      "H_offset": [
        0
      ],
      "TimeToConsider": {
        "hours": 1,
        "seconds": 0,
        "TimeToConsider": 3600
      },
      "Vmag": 5,
      "Priority": "mag",
      "timestep": 10,
      "log_timestep": 3600,
      "automatic": true,
      "start_date": "0",
      "freeze_start": 30,
      "freeze_duration": 240,
      "SnapshotTime": 3,
      "SnapshotSpacing": 6,
      "CCDSELs": [
        4
      ],
      "ExpTimes": [30000,30000,30000,30000,30000]
    },
    "Star name:112122, V-offset: 0, H-offset: [2.36], V-mag: 2.07, Number of times date changed: 0, MATS (long,lat) in degrees = (-64.37, 6.13), optical-axis Dec (J2000 ICRS): -72.77), optical-axis RA (J2000 ICRS): 354.77), star Dec (J2000 ICRS): -46.9, star RA (J2000 ICRS): 340.7"
  ]
]
