[
  [
    "Timeline_settings",
    "This Timeline was created using these settings from data/comissioning/configfile_3052_LMBF.json",
    "Note: These Timeline_settings and TLE will be used when converting into a XML",
    "Generated on: 2022/11/21 12:32:27",
    "Version: 01",
    {
      "start_date": "2022/11/23 11:20:00",
      "duration": {
        "day": 0,
        "hours": 3,
        "seconds": 900,
        "duration": 11700
      },
      "Mode1_2_5_minDuration": 300,
      "mode_separation": 15,
      "CMD_duration": 30,
      "yaw_correction": false,
      "yaw_amplitude": -3.8,
      "yaw_phase": 20,
      "intrument_look_vector": {
        "x": 1,
        "y": 0,
        "z": 0
      },
      "Choose_Operational_Science_Mode": 0,
      "StandardPointingAltitude": 92500,
      "CMD_separation": 2,
      "pointing_stabilization": 10,
      "CCDSYNC_ExtraOffset": 50,
      "CCDSYNC_ExtraIntervalTime": 200,
      "CCDSYNC_Waittime": 20
    },
    [
      "1 54228U 22147B   22322.22980655  .00014039  00000+0  13611-2 0  9995",
      "2 54228  97.6578 324.5811 0012588 257.7072 102.0551 14.92732403  2015"
    ]
  ],
  [
    "Payload_Power_Toggle",
    "2022/11/23 11:20:00",
    "2022/11/23 11:20:45",
    {},
    "Number of times date postponed: 0"
  ],
  [
    "ArgEnableYawComp",
    "2022/11/23 11:20:45",
    "2022/11/23 11:21:30",
    {
      "EnableYawComp": 0
    },
    "Number of times date postponed: 1"
  ],
  [
    "CCDFlushBadColumns",
    "2022/11/23 11:21:30",
    "2022/11/23 11:22:15",
    {
      "CCDSEL": 127
    },
    "Number of times date postponed: 2"
  ],
  [
    "CCDBadColumn",
    "2022/11/23 11:22:15",
    "2022/11/23 11:23:00",
    {
      "CCDSEL": 1,
      "NBC": 0,
      "BC": []
    },
    "Number of times date postponed: 3"
  ],
  [
    "CCDBIAS",
    "2022/11/23 11:23:00",
    "2022/11/23 11:23:45",
    {
      "CCDSEL": 127,
      "VGATE": 0,
      "VSUBST": 128,
      "VRD": 126,
      "VOD": 100
    },
    "Number of times date postponed: 4"
  ],
  [
    "PM",
    "2022/11/23 11:23:45",
    "2022/11/23 11:24:30",
    {
      "TEXPMS": 1500,
      "TEXPIMS": 2000
    },
    "Number of times date postponed: 5"
  ],
  [
    "TurnONCCDs",
    "2022/11/23 11:24:30",
    "2022/11/23 11:25:15",
    {},
    "Number of times date postponed: 6"
  ],
  [
    "LMBF_3050",
    "2022/11/23 11:25:15",
    "2022/11/23 13:00:00",
    {
      "ExpTimes": [1000,2000,4000,8000],
      "SnapshotTimes": ["2022/11/23 11:40:00","2022/11/23 12:20:00"],
      "Altitude": 90000
    },
    "Number of Modes inserted: 1"
  ],
  [
    "LMBF_3050",
    "2022/11/23 13:00:00",
    "2022/11/23 14:30:00",
    {
      "ExpTimes": [16000,32000],
      "SnapshotTimes": ["2022/11/23 13:10:00","2022/11/23 14:00:00"],
      "Altitude": 90000
    },
    "Number of Modes inserted: 1"
  ]
]
