<InnoSatTimeline originator="OHB" sdbVersion="9.5.99.2">
  <description>
    <timelineID procedureIdentifier="3060" descriptiveName="202211232022112101NADF" version="01"/>
    <changeLog>
      <changeLogItem version="01" date="2022-11-21" author="OMC">The file was created using OPT</changeLogItem>
    </changeLog>
    <validity>
      <startingDate>2022-11-23T08:10:00</startingDate>
      <scenarioDuration>5400</scenarioDuration>
    </validity>
    <comment>This command sequence is an Innosat timeline for MATS created with OPT. Science Mode Timeline used to generate: data/comissioning/Science_Mode_Timeline_3060_22112322112101NADF.json, Configuration File used: data/comissioning/configfile_3060_NADF.json</comment>
  </description>
  <listOfCommands>
    <procedure id="FCP-MTS-0035_Payload_Power_Toggle">
      <relativeTime>0</relativeTime>
      <comment>Payload_Power_Toggle, 2022/11/23 08:10:00</comment>
      <parameters/>
    </procedure>
    <command mnemonic="TC_acfArgEnableYawComp">
      <relativeTime>45</relativeTime>
      <comment>2022/11/23 08:10:45</comment>
      <tcArguments>
        <tcArgument mnemonic="EnableYawComp">0</tcArgument>
      </tcArguments>
    </command>
    <command mnemonic="TC_pafCCDFlushBadColumns">
      <relativeTime>90</relativeTime>
      <comment>2022/11/23 08:11:30</comment>
      <tcArguments>
        <tcArgument mnemonic="CCDSEL">127</tcArgument>
      </tcArguments>
    </command>
    <command mnemonic="TC_pafCCDBadColumn">
      <relativeTime>135</relativeTime>
      <comment>2022/11/23 08:12:15</comment>
      <tcArguments>
        <tcArgument mnemonic="CCDSEL">1</tcArgument>
        <tcArgument mnemonic="NBC">0</tcArgument>
      </tcArguments>
    </command>
    <command mnemonic="TC_pafCCDBIAS">
      <relativeTime>180</relativeTime>
      <comment>2022/11/23 08:13:00</comment>
      <tcArguments>
        <tcArgument mnemonic="CCDSEL">127</tcArgument>
        <tcArgument mnemonic="VGATE">0</tcArgument>
        <tcArgument mnemonic="VSUBST">128</tcArgument>
        <tcArgument mnemonic="VRD">126</tcArgument>
        <tcArgument mnemonic="VOD">100</tcArgument>
      </tcArguments>
    </command>
    <command mnemonic="TC_pafPM">
      <relativeTime>225</relativeTime>
      <comment>2022/11/23 08:13:45</comment>
      <tcArguments>
        <tcArgument mnemonic="TEXPMS">1500</tcArgument>
        <tcArgument mnemonic="TEXPIMS">2000</tcArgument>
      </tcArguments>
    </command>
    <command mnemonic="TC_pafCCD">
      <relativeTime>270</relativeTime>
      <comment>TurnONCCDs, 2022/11/23 08:14:30</comment>
      <tcArguments>
        <tcArgument mnemonic="CCDSEL">127</tcArgument>
        <tcArgument mnemonic="PWR">1</tcArgument>
        <tcArgument mnemonic="WDW">7</tcArgument>
        <tcArgument mnemonic="JPEGQ">100</tcArgument>
        <tcArgument mnemonic="SYNC">0</tcArgument>
        <tcArgument mnemonic="TEXPIMS">6000</tcArgument>
        <tcArgument mnemonic="TEXPMS">0</tcArgument>
        <tcArgument mnemonic="GAIN">0</tcArgument>
        <tcArgument mnemonic="NFLUSH">1023</tcArgument>
        <tcArgument mnemonic="NRSKIP">0</tcArgument>
        <tcArgument mnemonic="NRBIN">1</tcArgument>
        <tcArgument mnemonic="NROW">1</tcArgument>
        <tcArgument mnemonic="NCSKIP">0</tcArgument>
        <tcArgument mnemonic="NCBIN">1</tcArgument>
        <tcArgument mnemonic="NCOL">1</tcArgument>
        <tcArgument mnemonic="NCBINFPGA">0</tcArgument>
        <tcArgument mnemonic="SIGMODE">1</tcArgument>
      </tcArguments>
    </command>
    <command mnemonic="TC_pafMODE">
      <relativeTime>600</relativeTime>
      <comment>NADF_3060, 2022-11-23 08:20:00, , pointing_altitude = 92500, ExpTime = 1000, NadirSnapshot_Limb_Pointing_macro</comment>
      <tcArguments>
        <tcArgument mnemonic="MODE">2</tcArgument>
      </tcArguments>
    </command>
    <command mnemonic="TC_acfLimbPointingAltitudeOffset">
      <relativeTime>602</relativeTime>
      <comment>NADF_3060, 2022-11-23 08:20:00, , pointing_altitude = 92500, ExpTime = 1000, NadirSnapshot_Limb_Pointing_macro</comment>
      <tcArguments>
        <tcArgument mnemonic="Initial">92500</tcArgument>
        <tcArgument mnemonic="Final">92500</tcArgument>
        <tcArgument mnemonic="Rate">0</tcArgument>
      </tcArguments>
    </command>
    <command mnemonic="TC_pafCCD">
      <relativeTime>612</relativeTime>
      <comment>NADF_3060, 2022-11-23 08:20:00, , pointing_altitude = 92500, ExpTime = 1000, NadirSnapshot_Limb_Pointing_macro</comment>
      <tcArguments>
        <tcArgument mnemonic="CCDSEL">64</tcArgument>
        <tcArgument mnemonic="PWR">1</tcArgument>
        <tcArgument mnemonic="WDW">7</tcArgument>
        <tcArgument mnemonic="JPEGQ">100</tcArgument>
        <tcArgument mnemonic="SYNC">0</tcArgument>
        <tcArgument mnemonic="TEXPIMS">62800</tcArgument>
        <tcArgument mnemonic="TEXPMS">1000</tcArgument>
        <tcArgument mnemonic="GAIN">0</tcArgument>
        <tcArgument mnemonic="NFLUSH">1023</tcArgument>
        <tcArgument mnemonic="NRSKIP">0</tcArgument>
        <tcArgument mnemonic="NRBIN">1</tcArgument>
        <tcArgument mnemonic="NROW">511</tcArgument>
        <tcArgument mnemonic="NCSKIP">0</tcArgument>
        <tcArgument mnemonic="NCBIN">1</tcArgument>
        <tcArgument mnemonic="NCOL">2047</tcArgument>
        <tcArgument mnemonic="NCBINFPGA">0</tcArgument>
        <tcArgument mnemonic="SIGMODE">1</tcArgument>
      </tcArguments>
    </command>
    <command mnemonic="TC_pafCCDSNAPSHOT">
      <relativeTime>614</relativeTime>
      <comment>NADF_3060, 2022-11-23 08:20:00, , pointing_altitude = 92500, ExpTime = 1000, NadirSnapshot_Limb_Pointing_macro</comment>
      <tcArguments>
        <tcArgument mnemonic="CCDSEL">64</tcArgument>
      </tcArguments>
    </command>
    <command mnemonic="TC_pafMODE">
      <relativeTime>619</relativeTime>
      <comment>NADF_3060, 2022-11-23 08:20:00, , pointing_altitude = 92500, ExpTime = 2000, NadirSnapshot_Limb_Pointing_macro</comment>
      <tcArguments>
        <tcArgument mnemonic="MODE">2</tcArgument>
      </tcArguments>
    </command>
    <command mnemonic="TC_acfLimbPointingAltitudeOffset">
      <relativeTime>621</relativeTime>
      <comment>NADF_3060, 2022-11-23 08:20:00, , pointing_altitude = 92500, ExpTime = 2000, NadirSnapshot_Limb_Pointing_macro</comment>
      <tcArguments>
        <tcArgument mnemonic="Initial">92500</tcArgument>
        <tcArgument mnemonic="Final">92500</tcArgument>
        <tcArgument mnemonic="Rate">0</tcArgument>
      </tcArguments>
    </command>
    <command mnemonic="TC_pafCCD">
      <relativeTime>623</relativeTime>
      <comment>NADF_3060, 2022-11-23 08:20:00, , pointing_altitude = 92500, ExpTime = 2000, NadirSnapshot_Limb_Pointing_macro</comment>
      <tcArguments>
        <tcArgument mnemonic="CCDSEL">64</tcArgument>
        <tcArgument mnemonic="PWR">1</tcArgument>
        <tcArgument mnemonic="WDW">7</tcArgument>
        <tcArgument mnemonic="JPEGQ">100</tcArgument>
        <tcArgument mnemonic="SYNC">0</tcArgument>
        <tcArgument mnemonic="TEXPIMS">62800</tcArgument>
        <tcArgument mnemonic="TEXPMS">2000</tcArgument>
        <tcArgument mnemonic="GAIN">0</tcArgument>
        <tcArgument mnemonic="NFLUSH">1023</tcArgument>
        <tcArgument mnemonic="NRSKIP">0</tcArgument>
        <tcArgument mnemonic="NRBIN">1</tcArgument>
        <tcArgument mnemonic="NROW">511</tcArgument>
        <tcArgument mnemonic="NCSKIP">0</tcArgument>
        <tcArgument mnemonic="NCBIN">1</tcArgument>
        <tcArgument mnemonic="NCOL">2047</tcArgument>
        <tcArgument mnemonic="NCBINFPGA">0</tcArgument>
        <tcArgument mnemonic="SIGMODE">1</tcArgument>
      </tcArguments>
    </command>
    <command mnemonic="TC_pafCCDSNAPSHOT">
      <relativeTime>625</relativeTime>
      <comment>NADF_3060, 2022-11-23 08:20:00, , pointing_altitude = 92500, ExpTime = 2000, NadirSnapshot_Limb_Pointing_macro</comment>
      <tcArguments>
        <tcArgument mnemonic="CCDSEL">64</tcArgument>
      </tcArguments>
    </command>
    <command mnemonic="TC_pafMODE">
      <relativeTime>630</relativeTime>
      <comment>NADF_3060, 2022-11-23 08:20:00, , pointing_altitude = 92500, ExpTime = 4000, NadirSnapshot_Limb_Pointing_macro</comment>
      <tcArguments>
        <tcArgument mnemonic="MODE">2</tcArgument>
      </tcArguments>
    </command>
    <command mnemonic="TC_acfLimbPointingAltitudeOffset">
      <relativeTime>632</relativeTime>
      <comment>NADF_3060, 2022-11-23 08:20:00, , pointing_altitude = 92500, ExpTime = 4000, NadirSnapshot_Limb_Pointing_macro</comment>
      <tcArguments>
        <tcArgument mnemonic="Initial">92500</tcArgument>
        <tcArgument mnemonic="Final">92500</tcArgument>
        <tcArgument mnemonic="Rate">0</tcArgument>
      </tcArguments>
    </command>
    <command mnemonic="TC_pafCCD">
      <relativeTime>634</relativeTime>
      <comment>NADF_3060, 2022-11-23 08:20:00, , pointing_altitude = 92500, ExpTime = 4000, NadirSnapshot_Limb_Pointing_macro</comment>
      <tcArguments>
        <tcArgument mnemonic="CCDSEL">64</tcArgument>
        <tcArgument mnemonic="PWR">1</tcArgument>
        <tcArgument mnemonic="WDW">7</tcArgument>
        <tcArgument mnemonic="JPEGQ">100</tcArgument>
        <tcArgument mnemonic="SYNC">0</tcArgument>
        <tcArgument mnemonic="TEXPIMS">62800</tcArgument>
        <tcArgument mnemonic="TEXPMS">4000</tcArgument>
        <tcArgument mnemonic="GAIN">0</tcArgument>
        <tcArgument mnemonic="NFLUSH">1023</tcArgument>
        <tcArgument mnemonic="NRSKIP">0</tcArgument>
        <tcArgument mnemonic="NRBIN">1</tcArgument>
        <tcArgument mnemonic="NROW">511</tcArgument>
        <tcArgument mnemonic="NCSKIP">0</tcArgument>
        <tcArgument mnemonic="NCBIN">1</tcArgument>
        <tcArgument mnemonic="NCOL">2047</tcArgument>
        <tcArgument mnemonic="NCBINFPGA">0</tcArgument>
        <tcArgument mnemonic="SIGMODE">1</tcArgument>
      </tcArguments>
    </command>
    <command mnemonic="TC_pafCCDSNAPSHOT">
      <relativeTime>636</relativeTime>
      <comment>NADF_3060, 2022-11-23 08:20:00, , pointing_altitude = 92500, ExpTime = 4000, NadirSnapshot_Limb_Pointing_macro</comment>
      <tcArguments>
        <tcArgument mnemonic="CCDSEL">64</tcArgument>
      </tcArguments>
    </command>
    <command mnemonic="TC_pafMODE">
      <relativeTime>1200</relativeTime>
      <comment>NADF_3060, 2022-11-23 08:30:00, , pointing_altitude = 92500, ExpTime = 1000, NadirSnapshot_Limb_Pointing_macro</comment>
      <tcArguments>
        <tcArgument mnemonic="MODE">2</tcArgument>
      </tcArguments>
    </command>
    <command mnemonic="TC_acfLimbPointingAltitudeOffset">
      <relativeTime>1202</relativeTime>
      <comment>NADF_3060, 2022-11-23 08:30:00, , pointing_altitude = 92500, ExpTime = 1000, NadirSnapshot_Limb_Pointing_macro</comment>
      <tcArguments>
        <tcArgument mnemonic="Initial">92500</tcArgument>
        <tcArgument mnemonic="Final">92500</tcArgument>
        <tcArgument mnemonic="Rate">0</tcArgument>
      </tcArguments>
    </command>
    <command mnemonic="TC_pafCCD">
      <relativeTime>1204</relativeTime>
      <comment>NADF_3060, 2022-11-23 08:30:00, , pointing_altitude = 92500, ExpTime = 1000, NadirSnapshot_Limb_Pointing_macro</comment>
      <tcArguments>
        <tcArgument mnemonic="CCDSEL">64</tcArgument>
        <tcArgument mnemonic="PWR">1</tcArgument>
        <tcArgument mnemonic="WDW">7</tcArgument>
        <tcArgument mnemonic="JPEGQ">100</tcArgument>
        <tcArgument mnemonic="SYNC">0</tcArgument>
        <tcArgument mnemonic="TEXPIMS">62800</tcArgument>
        <tcArgument mnemonic="TEXPMS">1000</tcArgument>
        <tcArgument mnemonic="GAIN">0</tcArgument>
        <tcArgument mnemonic="NFLUSH">1023</tcArgument>
        <tcArgument mnemonic="NRSKIP">0</tcArgument>
        <tcArgument mnemonic="NRBIN">1</tcArgument>
        <tcArgument mnemonic="NROW">511</tcArgument>
        <tcArgument mnemonic="NCSKIP">0</tcArgument>
        <tcArgument mnemonic="NCBIN">1</tcArgument>
        <tcArgument mnemonic="NCOL">2047</tcArgument>
        <tcArgument mnemonic="NCBINFPGA">0</tcArgument>
        <tcArgument mnemonic="SIGMODE">1</tcArgument>
      </tcArguments>
    </command>
    <command mnemonic="TC_pafCCDSNAPSHOT">
      <relativeTime>1206</relativeTime>
      <comment>NADF_3060, 2022-11-23 08:30:00, , pointing_altitude = 92500, ExpTime = 1000, NadirSnapshot_Limb_Pointing_macro</comment>
      <tcArguments>
        <tcArgument mnemonic="CCDSEL">64</tcArgument>
      </tcArguments>
    </command>
    <command mnemonic="TC_pafMODE">
      <relativeTime>1211</relativeTime>
      <comment>NADF_3060, 2022-11-23 08:30:00, , pointing_altitude = 92500, ExpTime = 2000, NadirSnapshot_Limb_Pointing_macro</comment>
      <tcArguments>
        <tcArgument mnemonic="MODE">2</tcArgument>
      </tcArguments>
    </command>
    <command mnemonic="TC_acfLimbPointingAltitudeOffset">
      <relativeTime>1213</relativeTime>
      <comment>NADF_3060, 2022-11-23 08:30:00, , pointing_altitude = 92500, ExpTime = 2000, NadirSnapshot_Limb_Pointing_macro</comment>
      <tcArguments>
        <tcArgument mnemonic="Initial">92500</tcArgument>
        <tcArgument mnemonic="Final">92500</tcArgument>
        <tcArgument mnemonic="Rate">0</tcArgument>
      </tcArguments>
    </command>
    <command mnemonic="TC_pafCCD">
      <relativeTime>1215</relativeTime>
      <comment>NADF_3060, 2022-11-23 08:30:00, , pointing_altitude = 92500, ExpTime = 2000, NadirSnapshot_Limb_Pointing_macro</comment>
      <tcArguments>
        <tcArgument mnemonic="CCDSEL">64</tcArgument>
        <tcArgument mnemonic="PWR">1</tcArgument>
        <tcArgument mnemonic="WDW">7</tcArgument>
        <tcArgument mnemonic="JPEGQ">100</tcArgument>
        <tcArgument mnemonic="SYNC">0</tcArgument>
        <tcArgument mnemonic="TEXPIMS">62800</tcArgument>
        <tcArgument mnemonic="TEXPMS">2000</tcArgument>
        <tcArgument mnemonic="GAIN">0</tcArgument>
        <tcArgument mnemonic="NFLUSH">1023</tcArgument>
        <tcArgument mnemonic="NRSKIP">0</tcArgument>
        <tcArgument mnemonic="NRBIN">1</tcArgument>
        <tcArgument mnemonic="NROW">511</tcArgument>
        <tcArgument mnemonic="NCSKIP">0</tcArgument>
        <tcArgument mnemonic="NCBIN">1</tcArgument>
        <tcArgument mnemonic="NCOL">2047</tcArgument>
        <tcArgument mnemonic="NCBINFPGA">0</tcArgument>
        <tcArgument mnemonic="SIGMODE">1</tcArgument>
      </tcArguments>
    </command>
    <command mnemonic="TC_pafCCDSNAPSHOT">
      <relativeTime>1217</relativeTime>
      <comment>NADF_3060, 2022-11-23 08:30:00, , pointing_altitude = 92500, ExpTime = 2000, NadirSnapshot_Limb_Pointing_macro</comment>
      <tcArguments>
        <tcArgument mnemonic="CCDSEL">64</tcArgument>
      </tcArguments>
    </command>
    <command mnemonic="TC_pafMODE">
      <relativeTime>1222</relativeTime>
      <comment>NADF_3060, 2022-11-23 08:30:00, , pointing_altitude = 92500, ExpTime = 4000, NadirSnapshot_Limb_Pointing_macro</comment>
      <tcArguments>
        <tcArgument mnemonic="MODE">2</tcArgument>
      </tcArguments>
    </command>
    <command mnemonic="TC_acfLimbPointingAltitudeOffset">
      <relativeTime>1224</relativeTime>
      <comment>NADF_3060, 2022-11-23 08:30:00, , pointing_altitude = 92500, ExpTime = 4000, NadirSnapshot_Limb_Pointing_macro</comment>
      <tcArguments>
        <tcArgument mnemonic="Initial">92500</tcArgument>
        <tcArgument mnemonic="Final">92500</tcArgument>
        <tcArgument mnemonic="Rate">0</tcArgument>
      </tcArguments>
    </command>
    <command mnemonic="TC_pafCCD">
      <relativeTime>1226</relativeTime>
      <comment>NADF_3060, 2022-11-23 08:30:00, , pointing_altitude = 92500, ExpTime = 4000, NadirSnapshot_Limb_Pointing_macro</comment>
      <tcArguments>
        <tcArgument mnemonic="CCDSEL">64</tcArgument>
        <tcArgument mnemonic="PWR">1</tcArgument>
        <tcArgument mnemonic="WDW">7</tcArgument>
        <tcArgument mnemonic="JPEGQ">100</tcArgument>
        <tcArgument mnemonic="SYNC">0</tcArgument>
        <tcArgument mnemonic="TEXPIMS">62800</tcArgument>
        <tcArgument mnemonic="TEXPMS">4000</tcArgument>
        <tcArgument mnemonic="GAIN">0</tcArgument>
        <tcArgument mnemonic="NFLUSH">1023</tcArgument>
        <tcArgument mnemonic="NRSKIP">0</tcArgument>
        <tcArgument mnemonic="NRBIN">1</tcArgument>
        <tcArgument mnemonic="NROW">511</tcArgument>
        <tcArgument mnemonic="NCSKIP">0</tcArgument>
        <tcArgument mnemonic="NCBIN">1</tcArgument>
        <tcArgument mnemonic="NCOL">2047</tcArgument>
        <tcArgument mnemonic="NCBINFPGA">0</tcArgument>
        <tcArgument mnemonic="SIGMODE">1</tcArgument>
      </tcArguments>
    </command>
    <command mnemonic="TC_pafCCDSNAPSHOT">
      <relativeTime>1228</relativeTime>
      <comment>NADF_3060, 2022-11-23 08:30:00, , pointing_altitude = 92500, ExpTime = 4000, NadirSnapshot_Limb_Pointing_macro</comment>
      <tcArguments>
        <tcArgument mnemonic="CCDSEL">64</tcArgument>
      </tcArguments>
    </command>
    <command mnemonic="TC_pafMODE">
      <relativeTime>4800</relativeTime>
      <comment>NADF_3060, 2022-11-23 09:30:00, , pointing_altitude = 92500, ExpTime = 1000, NadirSnapshot_Limb_Pointing_macro</comment>
      <tcArguments>
        <tcArgument mnemonic="MODE">2</tcArgument>
      </tcArguments>
    </command>
    <command mnemonic="TC_acfLimbPointingAltitudeOffset">
      <relativeTime>4802</relativeTime>
      <comment>NADF_3060, 2022-11-23 09:30:00, , pointing_altitude = 92500, ExpTime = 1000, NadirSnapshot_Limb_Pointing_macro</comment>
      <tcArguments>
        <tcArgument mnemonic="Initial">92500</tcArgument>
        <tcArgument mnemonic="Final">92500</tcArgument>
        <tcArgument mnemonic="Rate">0</tcArgument>
      </tcArguments>
    </command>
    <command mnemonic="TC_pafCCD">
      <relativeTime>4804</relativeTime>
      <comment>NADF_3060, 2022-11-23 09:30:00, , pointing_altitude = 92500, ExpTime = 1000, NadirSnapshot_Limb_Pointing_macro</comment>
      <tcArguments>
        <tcArgument mnemonic="CCDSEL">64</tcArgument>
        <tcArgument mnemonic="PWR">1</tcArgument>
        <tcArgument mnemonic="WDW">7</tcArgument>
        <tcArgument mnemonic="JPEGQ">100</tcArgument>
        <tcArgument mnemonic="SYNC">0</tcArgument>
        <tcArgument mnemonic="TEXPIMS">62800</tcArgument>
        <tcArgument mnemonic="TEXPMS">1000</tcArgument>
        <tcArgument mnemonic="GAIN">0</tcArgument>
        <tcArgument mnemonic="NFLUSH">1023</tcArgument>
        <tcArgument mnemonic="NRSKIP">0</tcArgument>
        <tcArgument mnemonic="NRBIN">1</tcArgument>
        <tcArgument mnemonic="NROW">511</tcArgument>
        <tcArgument mnemonic="NCSKIP">0</tcArgument>
        <tcArgument mnemonic="NCBIN">1</tcArgument>
        <tcArgument mnemonic="NCOL">2047</tcArgument>
        <tcArgument mnemonic="NCBINFPGA">0</tcArgument>
        <tcArgument mnemonic="SIGMODE">1</tcArgument>
      </tcArguments>
    </command>
    <command mnemonic="TC_pafCCDSNAPSHOT">
      <relativeTime>4806</relativeTime>
      <comment>NADF_3060, 2022-11-23 09:30:00, , pointing_altitude = 92500, ExpTime = 1000, NadirSnapshot_Limb_Pointing_macro</comment>
      <tcArguments>
        <tcArgument mnemonic="CCDSEL">64</tcArgument>
      </tcArguments>
    </command>
    <command mnemonic="TC_pafMODE">
      <relativeTime>4811</relativeTime>
      <comment>NADF_3060, 2022-11-23 09:30:00, , pointing_altitude = 92500, ExpTime = 2000, NadirSnapshot_Limb_Pointing_macro</comment>
      <tcArguments>
        <tcArgument mnemonic="MODE">2</tcArgument>
      </tcArguments>
    </command>
    <command mnemonic="TC_acfLimbPointingAltitudeOffset">
      <relativeTime>4813</relativeTime>
      <comment>NADF_3060, 2022-11-23 09:30:00, , pointing_altitude = 92500, ExpTime = 2000, NadirSnapshot_Limb_Pointing_macro</comment>
      <tcArguments>
        <tcArgument mnemonic="Initial">92500</tcArgument>
        <tcArgument mnemonic="Final">92500</tcArgument>
        <tcArgument mnemonic="Rate">0</tcArgument>
      </tcArguments>
    </command>
    <command mnemonic="TC_pafCCD">
      <relativeTime>4815</relativeTime>
      <comment>NADF_3060, 2022-11-23 09:30:00, , pointing_altitude = 92500, ExpTime = 2000, NadirSnapshot_Limb_Pointing_macro</comment>
      <tcArguments>
        <tcArgument mnemonic="CCDSEL">64</tcArgument>
        <tcArgument mnemonic="PWR">1</tcArgument>
        <tcArgument mnemonic="WDW">7</tcArgument>
        <tcArgument mnemonic="JPEGQ">100</tcArgument>
        <tcArgument mnemonic="SYNC">0</tcArgument>
        <tcArgument mnemonic="TEXPIMS">62800</tcArgument>
        <tcArgument mnemonic="TEXPMS">2000</tcArgument>
        <tcArgument mnemonic="GAIN">0</tcArgument>
        <tcArgument mnemonic="NFLUSH">1023</tcArgument>
        <tcArgument mnemonic="NRSKIP">0</tcArgument>
        <tcArgument mnemonic="NRBIN">1</tcArgument>
        <tcArgument mnemonic="NROW">511</tcArgument>
        <tcArgument mnemonic="NCSKIP">0</tcArgument>
        <tcArgument mnemonic="NCBIN">1</tcArgument>
        <tcArgument mnemonic="NCOL">2047</tcArgument>
        <tcArgument mnemonic="NCBINFPGA">0</tcArgument>
        <tcArgument mnemonic="SIGMODE">1</tcArgument>
      </tcArguments>
    </command>
    <command mnemonic="TC_pafCCDSNAPSHOT">
      <relativeTime>4817</relativeTime>
      <comment>NADF_3060, 2022-11-23 09:30:00, , pointing_altitude = 92500, ExpTime = 2000, NadirSnapshot_Limb_Pointing_macro</comment>
      <tcArguments>
        <tcArgument mnemonic="CCDSEL">64</tcArgument>
      </tcArguments>
    </command>
    <command mnemonic="TC_pafMODE">
      <relativeTime>4822</relativeTime>
      <comment>NADF_3060, 2022-11-23 09:30:00, , pointing_altitude = 92500, ExpTime = 4000, NadirSnapshot_Limb_Pointing_macro</comment>
      <tcArguments>
        <tcArgument mnemonic="MODE">2</tcArgument>
      </tcArguments>
    </command>
    <command mnemonic="TC_acfLimbPointingAltitudeOffset">
      <relativeTime>4824</relativeTime>
      <comment>NADF_3060, 2022-11-23 09:30:00, , pointing_altitude = 92500, ExpTime = 4000, NadirSnapshot_Limb_Pointing_macro</comment>
      <tcArguments>
        <tcArgument mnemonic="Initial">92500</tcArgument>
        <tcArgument mnemonic="Final">92500</tcArgument>
        <tcArgument mnemonic="Rate">0</tcArgument>
      </tcArguments>
    </command>
    <command mnemonic="TC_pafCCD">
      <relativeTime>4826</relativeTime>
      <comment>NADF_3060, 2022-11-23 09:30:00, , pointing_altitude = 92500, ExpTime = 4000, NadirSnapshot_Limb_Pointing_macro</comment>
      <tcArguments>
        <tcArgument mnemonic="CCDSEL">64</tcArgument>
        <tcArgument mnemonic="PWR">1</tcArgument>
        <tcArgument mnemonic="WDW">7</tcArgument>
        <tcArgument mnemonic="JPEGQ">100</tcArgument>
        <tcArgument mnemonic="SYNC">0</tcArgument>
        <tcArgument mnemonic="TEXPIMS">62800</tcArgument>
        <tcArgument mnemonic="TEXPMS">4000</tcArgument>
        <tcArgument mnemonic="GAIN">0</tcArgument>
        <tcArgument mnemonic="NFLUSH">1023</tcArgument>
        <tcArgument mnemonic="NRSKIP">0</tcArgument>
        <tcArgument mnemonic="NRBIN">1</tcArgument>
        <tcArgument mnemonic="NROW">511</tcArgument>
        <tcArgument mnemonic="NCSKIP">0</tcArgument>
        <tcArgument mnemonic="NCBIN">1</tcArgument>
        <tcArgument mnemonic="NCOL">2047</tcArgument>
        <tcArgument mnemonic="NCBINFPGA">0</tcArgument>
        <tcArgument mnemonic="SIGMODE">1</tcArgument>
      </tcArguments>
    </command>
    <command mnemonic="TC_pafCCDSNAPSHOT">
      <relativeTime>4828</relativeTime>
      <comment>NADF_3060, 2022-11-23 09:30:00, , pointing_altitude = 92500, ExpTime = 4000, NadirSnapshot_Limb_Pointing_macro</comment>
      <tcArguments>
        <tcArgument mnemonic="CCDSEL">64</tcArgument>
      </tcArguments>
    </command>
  </listOfCommands>
</InnoSatTimeline>
